PId,Age,Fare,SibSp,Parch,Class3,Class1,Class2,male,female,Mr,Mrs,Miss,Master,Don,Rev,Dr,Mme,Ms,Major,Lady,Sir,Mlle,Col,Capt,Countess,Jonkheer,Dona,Survived
1,0.22,0.00725,1,0,True,False,False,True,False,1,0,0,0,0,0,0,0,0,0,0,0,0,0,0,0,0,0,0
2,0.38,0.0712833,1,0,False,True,False,False,True,0,1,0,0,0,0,0,0,0,0,0,0,0,0,0,0,0,0,1
3,0.26,0.007925,0,0,True,False,False,False,True,0,0,1,0,0,0,0,0,0,0,0,0,0,0,0,0,0,0,1
4,0.35,0.0531,1,0,False,True,False,False,True,0,1,0,0,0,0,0,0,0,0,0,0,0,0,0,0,0,0,1
5,0.35,0.00805,0,0,True,False,False,True,False,1,0,0,0,0,0,0,0,0,0,0,0,0,0,0,0,0,0,0
6,0.25,0.0084583,0,0,True,False,False,True,False,1,0,0,0,0,0,0,0,0,0,0,0,0,0,0,0,0,0,0
7,0.54,0.0518625,0,0,False,True,False,True,False,1,0,0,0,0,0,0,0,0,0,0,0,0,0,0,0,0,0,0
8,0.02,0.021075,3,1,True,False,False,True,False,0,0,0,1,0,0,0,0,0,0,0,0,0,0,0,0,0,0,0
9,0.27,0.0111333,0,2,True,False,False,False,True,0,1,0,0,0,0,0,0,0,0,0,0,0,0,0,0,0,0,1
10,0.14,0.030070799999999998,1,0,False,False,True,False,True,0,1,0,0,0,0,0,0,0,0,0,0,0,0,0,0,0,0,1
11,0.04,0.0167,1,1,True,False,False,False,True,0,0,1,0,0,0,0,0,0,0,0,0,0,0,0,0,0,0,1
12,0.58,0.02655,0,0,False,True,False,False,True,0,0,1,0,0,0,0,0,0,0,0,0,0,0,0,0,0,0,1
13,0.2,0.00805,0,0,True,False,False,True,False,1,0,0,0,0,0,0,0,0,0,0,0,0,0,0,0,0,0,0
14,0.39,0.031275,1,5,True,False,False,True,False,1,0,0,0,0,0,0,0,0,0,0,0,0,0,0,0,0,0,0
15,0.14,0.0078542,0,0,True,False,False,False,True,0,0,1,0,0,0,0,0,0,0,0,0,0,0,0,0,0,0,0
16,0.55,0.016,0,0,False,False,True,False,True,0,1,0,0,0,0,0,0,0,0,0,0,0,0,0,0,0,0,1
17,0.02,0.029125,4,1,True,False,False,True,False,0,0,0,1,0,0,0,0,0,0,0,0,0,0,0,0,0,0,0
18,0.29,0.013,0,0,False,False,True,True,False,1,0,0,0,0,0,0,0,0,0,0,0,0,0,0,0,0,0,1
19,0.31,0.018,1,0,True,False,False,False,True,0,1,0,0,0,0,0,0,0,0,0,0,0,0,0,0,0,0,0
20,0.25,0.007225,0,0,True,False,False,False,True,0,1,0,0,0,0,0,0,0,0,0,0,0,0,0,0,0,0,1
21,0.35,0.026,0,0,False,False,True,True,False,1,0,0,0,0,0,0,0,0,0,0,0,0,0,0,0,0,0,0
22,0.34,0.013,0,0,False,False,True,True,False,1,0,0,0,0,0,0,0,0,0,0,0,0,0,0,0,0,0,1
23,0.15,0.0080292,0,0,True,False,False,False,True,0,0,1,0,0,0,0,0,0,0,0,0,0,0,0,0,0,0,1
24,0.28,0.0355,0,0,False,True,False,True,False,1,0,0,0,0,0,0,0,0,0,0,0,0,0,0,0,0,0,1
25,0.08,0.021075,3,1,True,False,False,False,True,0,0,1,0,0,0,0,0,0,0,0,0,0,0,0,0,0,0,0
26,0.38,0.0313875,1,5,True,False,False,False,True,0,1,0,0,0,0,0,0,0,0,0,0,0,0,0,0,0,0,1
27,0.25,0.007225,0,0,True,False,False,True,False,1,0,0,0,0,0,0,0,0,0,0,0,0,0,0,0,0,0,0
28,0.19,0.263,3,2,False,True,False,True,False,1,0,0,0,0,0,0,0,0,0,0,0,0,0,0,0,0,0,0
29,0.25,0.0078792,0,0,True,False,False,False,True,0,0,1,0,0,0,0,0,0,0,0,0,0,0,0,0,0,0,1
30,0.25,0.0078958,0,0,True,False,False,True,False,1,0,0,0,0,0,0,0,0,0,0,0,0,0,0,0,0,0,0
31,0.4,0.0277208,0,0,False,True,False,True,False,0,0,0,0,1,0,0,0,0,0,0,0,0,0,0,0,0,0,0
32,0.39,0.1465208,1,0,False,True,False,False,True,0,1,0,0,0,0,0,0,0,0,0,0,0,0,0,0,0,0,1
33,0.25,0.00775,0,0,True,False,False,False,True,0,0,1,0,0,0,0,0,0,0,0,0,0,0,0,0,0,0,1
34,0.66,0.0105,0,0,False,False,True,True,False,1,0,0,0,0,0,0,0,0,0,0,0,0,0,0,0,0,0,0
35,0.28,0.0821708,1,0,False,True,False,True,False,1,0,0,0,0,0,0,0,0,0,0,0,0,0,0,0,0,0,0
36,0.42,0.052,1,0,False,True,False,True,False,1,0,0,0,0,0,0,0,0,0,0,0,0,0,0,0,0,0,0
37,0.25,0.0072292,0,0,True,False,False,True,False,1,0,0,0,0,0,0,0,0,0,0,0,0,0,0,0,0,0,1
38,0.21,0.00805,0,0,True,False,False,True,False,1,0,0,0,0,0,0,0,0,0,0,0,0,0,0,0,0,0,0
39,0.18,0.018,2,0,True,False,False,False,True,0,0,1,0,0,0,0,0,0,0,0,0,0,0,0,0,0,0,0
40,0.14,0.0112417,1,0,True,False,False,False,True,0,0,1,0,0,0,0,0,0,0,0,0,0,0,0,0,0,0,1
41,0.4,0.009474999999999999,1,0,True,False,False,False,True,0,1,0,0,0,0,0,0,0,0,0,0,0,0,0,0,0,0,0
42,0.27,0.021,1,0,False,False,True,False,True,0,1,0,0,0,0,0,0,0,0,0,0,0,0,0,0,0,0,0
43,0.25,0.0078958,0,0,True,False,False,True,False,1,0,0,0,0,0,0,0,0,0,0,0,0,0,0,0,0,0,0
44,0.03,0.0415792,1,2,False,False,True,False,True,0,0,1,0,0,0,0,0,0,0,0,0,0,0,0,0,0,0,1
45,0.19,0.0078792,0,0,True,False,False,False,True,0,0,1,0,0,0,0,0,0,0,0,0,0,0,0,0,0,0,1
46,0.25,0.00805,0,0,True,False,False,True,False,1,0,0,0,0,0,0,0,0,0,0,0,0,0,0,0,0,0,0
47,0.24,0.0155,1,0,True,False,False,True,False,1,0,0,0,0,0,0,0,0,0,0,0,0,0,0,0,0,0,0
48,0.25,0.00775,0,0,True,False,False,False,True,0,0,1,0,0,0,0,0,0,0,0,0,0,0,0,0,0,0,1
49,0.19,0.021679200000000003,2,0,True,False,False,True,False,1,0,0,0,0,0,0,0,0,0,0,0,0,0,0,0,0,0,0
50,0.18,0.0178,1,0,True,False,False,False,True,0,1,0,0,0,0,0,0,0,0,0,0,0,0,0,0,0,0,0
51,0.07,0.0396875,4,1,True,False,False,True,False,0,0,0,1,0,0,0,0,0,0,0,0,0,0,0,0,0,0,0
52,0.21,0.0078,0,0,True,False,False,True,False,1,0,0,0,0,0,0,0,0,0,0,0,0,0,0,0,0,0,0
53,0.49,0.07672920000000001,1,0,False,True,False,False,True,0,1,0,0,0,0,0,0,0,0,0,0,0,0,0,0,0,0,1
54,0.29,0.026,1,0,False,False,True,False,True,0,1,0,0,0,0,0,0,0,0,0,0,0,0,0,0,0,0,1
55,0.65,0.0619792,0,1,False,True,False,True,False,1,0,0,0,0,0,0,0,0,0,0,0,0,0,0,0,0,0,0
56,0.38,0.0355,0,0,False,True,False,True,False,1,0,0,0,0,0,0,0,0,0,0,0,0,0,0,0,0,0,1
57,0.21,0.0105,0,0,False,False,True,False,True,0,0,1,0,0,0,0,0,0,0,0,0,0,0,0,0,0,0,1
58,0.28,0.0072292,0,0,True,False,False,True,False,1,0,0,0,0,0,0,0,0,0,0,0,0,0,0,0,0,0,0
59,0.05,0.02775,1,2,False,False,True,False,True,0,0,1,0,0,0,0,0,0,0,0,0,0,0,0,0,0,0,1
60,0.11,0.0469,5,2,True,False,False,True,False,0,0,0,1,0,0,0,0,0,0,0,0,0,0,0,0,0,0,0
61,0.22,0.0072292,0,0,True,False,False,True,False,1,0,0,0,0,0,0,0,0,0,0,0,0,0,0,0,0,0,0
62,0.38,0.08,0,0,False,True,False,False,True,0,0,1,0,0,0,0,0,0,0,0,0,0,0,0,0,0,0,1
63,0.45,0.083475,1,0,False,True,False,True,False,1,0,0,0,0,0,0,0,0,0,0,0,0,0,0,0,0,0,0
64,0.04,0.027899999999999998,3,2,True,False,False,True,False,0,0,0,1,0,0,0,0,0,0,0,0,0,0,0,0,0,0,0
65,0.38,0.0277208,0,0,False,True,False,True,False,1,0,0,0,0,0,0,0,0,0,0,0,0,0,0,0,0,0,0
66,0.24,0.015245799999999999,1,1,True,False,False,True,False,0,0,0,1,0,0,0,0,0,0,0,0,0,0,0,0,0,0,1
67,0.29,0.0105,0,0,False,False,True,False,True,0,1,0,0,0,0,0,0,0,0,0,0,0,0,0,0,0,0,1
68,0.19,0.0081583,0,0,True,False,False,True,False,1,0,0,0,0,0,0,0,0,0,0,0,0,0,0,0,0,0,0
69,0.17,0.007925,4,2,True,False,False,False,True,0,0,1,0,0,0,0,0,0,0,0,0,0,0,0,0,0,0,1
70,0.26,0.0086625,2,0,True,False,False,True,False,1,0,0,0,0,0,0,0,0,0,0,0,0,0,0,0,0,0,0
71,0.32,0.0105,0,0,False,False,True,True,False,1,0,0,0,0,0,0,0,0,0,0,0,0,0,0,0,0,0,0
72,0.16,0.0469,5,2,True,False,False,False,True,0,0,1,0,0,0,0,0,0,0,0,0,0,0,0,0,0,0,0
73,0.21,0.0735,0,0,False,False,True,True,False,1,0,0,0,0,0,0,0,0,0,0,0,0,0,0,0,0,0,0
74,0.26,0.0144542,1,0,True,False,False,True,False,1,0,0,0,0,0,0,0,0,0,0,0,0,0,0,0,0,0,0
75,0.32,0.056495800000000006,0,0,True,False,False,True,False,1,0,0,0,0,0,0,0,0,0,0,0,0,0,0,0,0,0,1
76,0.25,0.0076500000000000005,0,0,True,False,False,True,False,1,0,0,0,0,0,0,0,0,0,0,0,0,0,0,0,0,0,0
77,0.25,0.0078958,0,0,True,False,False,True,False,1,0,0,0,0,0,0,0,0,0,0,0,0,0,0,0,0,0,0
78,0.25,0.00805,0,0,True,False,False,True,False,1,0,0,0,0,0,0,0,0,0,0,0,0,0,0,0,0,0,0
79,0.0,0.029,0,2,False,False,True,True,False,0,0,0,1,0,0,0,0,0,0,0,0,0,0,0,0,0,0,1
80,0.3,0.012475,0,0,True,False,False,False,True,0,0,1,0,0,0,0,0,0,0,0,0,0,0,0,0,0,0,1
81,0.22,0.009,0,0,True,False,False,True,False,1,0,0,0,0,0,0,0,0,0,0,0,0,0,0,0,0,0,0
82,0.29,0.0095,0,0,True,False,False,True,False,1,0,0,0,0,0,0,0,0,0,0,0,0,0,0,0,0,0,1
83,0.25,0.007787499999999999,0,0,True,False,False,False,True,0,0,1,0,0,0,0,0,0,0,0,0,0,0,0,0,0,0,1
84,0.28,0.0471,0,0,False,True,False,True,False,1,0,0,0,0,0,0,0,0,0,0,0,0,0,0,0,0,0,0
85,0.17,0.0105,0,0,False,False,True,False,True,0,0,1,0,0,0,0,0,0,0,0,0,0,0,0,0,0,0,1
86,0.33,0.01585,3,0,True,False,False,False,True,0,1,0,0,0,0,0,0,0,0,0,0,0,0,0,0,0,0,1
87,0.16,0.034375,1,3,True,False,False,True,False,1,0,0,0,0,0,0,0,0,0,0,0,0,0,0,0,0,0,0
88,0.25,0.00805,0,0,True,False,False,True,False,1,0,0,0,0,0,0,0,0,0,0,0,0,0,0,0,0,0,0
89,0.23,0.263,3,2,False,True,False,False,True,0,0,1,0,0,0,0,0,0,0,0,0,0,0,0,0,0,0,1
90,0.24,0.00805,0,0,True,False,False,True,False,1,0,0,0,0,0,0,0,0,0,0,0,0,0,0,0,0,0,0
91,0.29,0.00805,0,0,True,False,False,True,False,1,0,0,0,0,0,0,0,0,0,0,0,0,0,0,0,0,0,0
92,0.2,0.0078542,0,0,True,False,False,True,False,1,0,0,0,0,0,0,0,0,0,0,0,0,0,0,0,0,0,0
93,0.46,0.061175,1,0,False,True,False,True,False,1,0,0,0,0,0,0,0,0,0,0,0,0,0,0,0,0,0,0
94,0.26,0.020575,1,2,True,False,False,True,False,1,0,0,0,0,0,0,0,0,0,0,0,0,0,0,0,0,0,0
95,0.59,0.00725,0,0,True,False,False,True,False,1,0,0,0,0,0,0,0,0,0,0,0,0,0,0,0,0,0,0
96,0.25,0.00805,0,0,True,False,False,True,False,1,0,0,0,0,0,0,0,0,0,0,0,0,0,0,0,0,0,0
97,0.71,0.0346542,0,0,False,True,False,True,False,1,0,0,0,0,0,0,0,0,0,0,0,0,0,0,0,0,0,0
98,0.23,0.0633583,0,1,False,True,False,True,False,1,0,0,0,0,0,0,0,0,0,0,0,0,0,0,0,0,0,1
99,0.34,0.023,0,1,False,False,True,False,True,0,1,0,0,0,0,0,0,0,0,0,0,0,0,0,0,0,0,1
100,0.34,0.026,1,0,False,False,True,True,False,1,0,0,0,0,0,0,0,0,0,0,0,0,0,0,0,0,0,0
101,0.28,0.0078958,0,0,True,False,False,False,True,0,0,1,0,0,0,0,0,0,0,0,0,0,0,0,0,0,0,0
102,0.25,0.0078958,0,0,True,False,False,True,False,1,0,0,0,0,0,0,0,0,0,0,0,0,0,0,0,0,0,0
103,0.21,0.0772875,0,1,False,True,False,True,False,1,0,0,0,0,0,0,0,0,0,0,0,0,0,0,0,0,0,0
104,0.33,0.008654199999999999,0,0,True,False,False,True,False,1,0,0,0,0,0,0,0,0,0,0,0,0,0,0,0,0,0,0
105,0.37,0.007925,2,0,True,False,False,True,False,1,0,0,0,0,0,0,0,0,0,0,0,0,0,0,0,0,0,0
106,0.28,0.0078958,0,0,True,False,False,True,False,1,0,0,0,0,0,0,0,0,0,0,0,0,0,0,0,0,0,0
107,0.21,0.0076500000000000005,0,0,True,False,False,False,True,0,0,1,0,0,0,0,0,0,0,0,0,0,0,0,0,0,0,1
108,0.25,0.007775000000000001,0,0,True,False,False,True,False,1,0,0,0,0,0,0,0,0,0,0,0,0,0,0,0,0,0,1
109,0.38,0.0078958,0,0,True,False,False,True,False,1,0,0,0,0,0,0,0,0,0,0,0,0,0,0,0,0,0,0
110,0.24,0.024149999999999998,1,0,True,False,False,False,True,0,0,1,0,0,0,0,0,0,0,0,0,0,0,0,0,0,0,1
111,0.47,0.052,0,0,False,True,False,True,False,1,0,0,0,0,0,0,0,0,0,0,0,0,0,0,0,0,0,0
112,0.14,0.0144542,1,0,True,False,False,False,True,0,0,1,0,0,0,0,0,0,0,0,0,0,0,0,0,0,0,0
113,0.22,0.00805,0,0,True,False,False,True,False,1,0,0,0,0,0,0,0,0,0,0,0,0,0,0,0,0,0,0
114,0.2,0.009824999999999999,1,0,True,False,False,False,True,0,0,1,0,0,0,0,0,0,0,0,0,0,0,0,0,0,0,0
115,0.17,0.0144583,0,0,True,False,False,False,True,0,0,1,0,0,0,0,0,0,0,0,0,0,0,0,0,0,0,0
116,0.21,0.007925,0,0,True,False,False,True,False,1,0,0,0,0,0,0,0,0,0,0,0,0,0,0,0,0,0,0
117,0.7,0.00775,0,0,True,False,False,True,False,1,0,0,0,0,0,0,0,0,0,0,0,0,0,0,0,0,0,0
118,0.29,0.021,1,0,False,False,True,True,False,1,0,0,0,0,0,0,0,0,0,0,0,0,0,0,0,0,0,0
119,0.24,0.2475208,0,1,False,True,False,True,False,1,0,0,0,0,0,0,0,0,0,0,0,0,0,0,0,0,0,0
120,0.02,0.031275,4,2,True,False,False,False,True,0,0,1,0,0,0,0,0,0,0,0,0,0,0,0,0,0,0,0
121,0.21,0.0735,2,0,False,False,True,True,False,1,0,0,0,0,0,0,0,0,0,0,0,0,0,0,0,0,0,0
122,0.25,0.00805,0,0,True,False,False,True,False,1,0,0,0,0,0,0,0,0,0,0,0,0,0,0,0,0,0,0
123,0.32,0.030070799999999998,1,0,False,False,True,True,False,1,0,0,0,0,0,0,0,0,0,0,0,0,0,0,0,0,0,0
124,0.32,0.013,0,0,False,False,True,False,True,0,0,1,0,0,0,0,0,0,0,0,0,0,0,0,0,0,0,1
125,0.54,0.0772875,0,1,False,True,False,True,False,1,0,0,0,0,0,0,0,0,0,0,0,0,0,0,0,0,0,0
126,0.12,0.0112417,1,0,True,False,False,True,False,0,0,0,1,0,0,0,0,0,0,0,0,0,0,0,0,0,0,1
127,0.25,0.00775,0,0,True,False,False,True,False,1,0,0,0,0,0,0,0,0,0,0,0,0,0,0,0,0,0,0
128,0.24,0.0071417,0,0,True,False,False,True,False,1,0,0,0,0,0,0,0,0,0,0,0,0,0,0,0,0,0,1
129,0.24,0.0223583,1,1,True,False,False,False,True,0,0,1,0,0,0,0,0,0,0,0,0,0,0,0,0,0,0,1
130,0.45,0.006974999999999999,0,0,True,False,False,True,False,1,0,0,0,0,0,0,0,0,0,0,0,0,0,0,0,0,0,0
131,0.33,0.0078958,0,0,True,False,False,True,False,1,0,0,0,0,0,0,0,0,0,0,0,0,0,0,0,0,0,0
132,0.2,0.00705,0,0,True,False,False,True,False,1,0,0,0,0,0,0,0,0,0,0,0,0,0,0,0,0,0,0
133,0.47,0.0145,1,0,True,False,False,False,True,0,1,0,0,0,0,0,0,0,0,0,0,0,0,0,0,0,0,0
134,0.29,0.026,1,0,False,False,True,False,True,0,1,0,0,0,0,0,0,0,0,0,0,0,0,0,0,0,0,1
135,0.25,0.013,0,0,False,False,True,True,False,1,0,0,0,0,0,0,0,0,0,0,0,0,0,0,0,0,0,0
136,0.23,0.0150458,0,0,False,False,True,True,False,1,0,0,0,0,0,0,0,0,0,0,0,0,0,0,0,0,0,0
137,0.19,0.0262833,0,2,False,True,False,False,True,0,0,1,0,0,0,0,0,0,0,0,0,0,0,0,0,0,0,1
138,0.37,0.0531,1,0,False,True,False,True,False,1,0,0,0,0,0,0,0,0,0,0,0,0,0,0,0,0,0,0
139,0.16,0.0092167,0,0,True,False,False,True,False,1,0,0,0,0,0,0,0,0,0,0,0,0,0,0,0,0,0,0
140,0.24,0.0792,0,0,False,True,False,True,False,1,0,0,0,0,0,0,0,0,0,0,0,0,0,0,0,0,0,0
141,0.25,0.015245799999999999,0,2,True,False,False,False,True,0,1,0,0,0,0,0,0,0,0,0,0,0,0,0,0,0,0,0
142,0.22,0.00775,0,0,True,False,False,False,True,0,0,1,0,0,0,0,0,0,0,0,0,0,0,0,0,0,0,1
143,0.24,0.01585,1,0,True,False,False,False,True,0,1,0,0,0,0,0,0,0,0,0,0,0,0,0,0,0,0,1
144,0.19,0.00675,0,0,True,False,False,True,False,1,0,0,0,0,0,0,0,0,0,0,0,0,0,0,0,0,0,0
145,0.18,0.0115,0,0,False,False,True,True,False,1,0,0,0,0,0,0,0,0,0,0,0,0,0,0,0,0,0,0
146,0.19,0.03675,1,1,False,False,True,True,False,1,0,0,0,0,0,0,0,0,0,0,0,0,0,0,0,0,0,0
147,0.27,0.007795799999999999,0,0,True,False,False,True,False,1,0,0,0,0,0,0,0,0,0,0,0,0,0,0,0,0,0,1
148,0.09,0.034375,2,2,True,False,False,False,True,0,0,1,0,0,0,0,0,0,0,0,0,0,0,0,0,0,0,0
149,0.36,0.026,0,2,False,False,True,True,False,1,0,0,0,0,0,0,0,0,0,0,0,0,0,0,0,0,0,0
150,0.42,0.013,0,0,False,False,True,True,False,0,0,0,0,0,1,0,0,0,0,0,0,0,0,0,0,0,0,0
151,0.51,0.012525,0,0,False,False,True,True,False,0,0,0,0,0,1,0,0,0,0,0,0,0,0,0,0,0,0,0
152,0.22,0.06659999999999999,1,0,False,True,False,False,True,0,1,0,0,0,0,0,0,0,0,0,0,0,0,0,0,0,0,1
153,0.55,0.00805,0,0,True,False,False,True,False,1,0,0,0,0,0,0,0,0,0,0,0,0,0,0,0,0,0,0
154,0.4,0.0145,0,2,True,False,False,True,False,1,0,0,0,0,0,0,0,0,0,0,0,0,0,0,0,0,0,0
155,0.25,0.0073125,0,0,True,False,False,True,False,1,0,0,0,0,0,0,0,0,0,0,0,0,0,0,0,0,0,0
156,0.51,0.061379199999999995,0,1,False,True,False,True,False,1,0,0,0,0,0,0,0,0,0,0,0,0,0,0,0,0,0,0
157,0.16,0.0077333,0,0,True,False,False,False,True,0,0,1,0,0,0,0,0,0,0,0,0,0,0,0,0,0,0,1
158,0.3,0.00805,0,0,True,False,False,True,False,1,0,0,0,0,0,0,0,0,0,0,0,0,0,0,0,0,0,0
159,0.25,0.0086625,0,0,True,False,False,True,False,1,0,0,0,0,0,0,0,0,0,0,0,0,0,0,0,0,0,0
160,0.14,0.06955,8,2,True,False,False,True,False,0,0,0,1,0,0,0,0,0,0,0,0,0,0,0,0,0,0,0
161,0.44,0.0161,0,1,True,False,False,True,False,1,0,0,0,0,0,0,0,0,0,0,0,0,0,0,0,0,0,0
162,0.4,0.01575,0,0,False,False,True,False,True,0,1,0,0,0,0,0,0,0,0,0,0,0,0,0,0,0,0,1
163,0.26,0.007775000000000001,0,0,True,False,False,True,False,1,0,0,0,0,0,0,0,0,0,0,0,0,0,0,0,0,0,0
164,0.17,0.0086625,0,0,True,False,False,True,False,1,0,0,0,0,0,0,0,0,0,0,0,0,0,0,0,0,0,0
165,0.01,0.0396875,4,1,True,False,False,True,False,0,0,0,1,0,0,0,0,0,0,0,0,0,0,0,0,0,0,0
166,0.09,0.020524999999999998,0,2,True,False,False,True,False,0,0,0,1,0,0,0,0,0,0,0,0,0,0,0,0,0,0,1
167,0.38,0.055,0,1,False,True,False,False,True,0,1,0,0,0,0,0,0,0,0,0,0,0,0,0,0,0,0,1
168,0.45,0.027899999999999998,1,4,True,False,False,False,True,0,1,0,0,0,0,0,0,0,0,0,0,0,0,0,0,0,0,0
169,0.38,0.025925,0,0,False,True,False,True,False,1,0,0,0,0,0,0,0,0,0,0,0,0,0,0,0,0,0,0
170,0.28,0.056495800000000006,0,0,True,False,False,True,False,1,0,0,0,0,0,0,0,0,0,0,0,0,0,0,0,0,0,0
171,0.61,0.0335,0,0,False,True,False,True,False,1,0,0,0,0,0,0,0,0,0,0,0,0,0,0,0,0,0,0
172,0.04,0.029125,4,1,True,False,False,True,False,0,0,0,1,0,0,0,0,0,0,0,0,0,0,0,0,0,0,0
173,0.01,0.0111333,1,1,True,False,False,False,True,0,0,1,0,0,0,0,0,0,0,0,0,0,0,0,0,0,0,1
174,0.21,0.007925,0,0,True,False,False,True,False,1,0,0,0,0,0,0,0,0,0,0,0,0,0,0,0,0,0,0
175,0.56,0.0306958,0,0,False,True,False,True,False,1,0,0,0,0,0,0,0,0,0,0,0,0,0,0,0,0,0,0
176,0.18,0.0078542,1,1,True,False,False,True,False,1,0,0,0,0,0,0,0,0,0,0,0,0,0,0,0,0,0,0
177,0.08,0.0254667,3,1,True,False,False,True,False,0,0,0,1,0,0,0,0,0,0,0,0,0,0,0,0,0,0,0
178,0.5,0.0287125,0,0,False,True,False,False,True,0,0,1,0,0,0,0,0,0,0,0,0,0,0,0,0,0,0,0
179,0.3,0.013,0,0,False,False,True,True,False,1,0,0,0,0,0,0,0,0,0,0,0,0,0,0,0,0,0,0
180,0.36,0.0,0,0,True,False,False,True,False,1,0,0,0,0,0,0,0,0,0,0,0,0,0,0,0,0,0,0
181,0.14,0.06955,8,2,True,False,False,False,True,0,0,1,0,0,0,0,0,0,0,0,0,0,0,0,0,0,0,0
182,0.29,0.015050000000000001,0,0,False,False,True,True,False,1,0,0,0,0,0,0,0,0,0,0,0,0,0,0,0,0,0,0
183,0.09,0.0313875,4,2,True,False,False,True,False,0,0,0,1,0,0,0,0,0,0,0,0,0,0,0,0,0,0,0
184,0.01,0.039,2,1,False,False,True,True,False,0,0,0,1,0,0,0,0,0,0,0,0,0,0,0,0,0,0,1
185,0.04,0.022025,0,2,True,False,False,False,True,0,0,1,0,0,0,0,0,0,0,0,0,0,0,0,0,0,0,1
186,0.38,0.05,0,0,False,True,False,True,False,1,0,0,0,0,0,0,0,0,0,0,0,0,0,0,0,0,0,0
187,0.24,0.0155,1,0,True,False,False,False,True,0,1,0,0,0,0,0,0,0,0,0,0,0,0,0,0,0,0,1
188,0.45,0.02655,0,0,False,True,False,True,False,1,0,0,0,0,0,0,0,0,0,0,0,0,0,0,0,0,0,1
189,0.4,0.0155,1,1,True,False,False,True,False,1,0,0,0,0,0,0,0,0,0,0,0,0,0,0,0,0,0,0
190,0.36,0.0078958,0,0,True,False,False,True,False,1,0,0,0,0,0,0,0,0,0,0,0,0,0,0,0,0,0,0
191,0.32,0.013,0,0,False,False,True,False,True,0,1,0,0,0,0,0,0,0,0,0,0,0,0,0,0,0,0,1
192,0.19,0.013,0,0,False,False,True,True,False,1,0,0,0,0,0,0,0,0,0,0,0,0,0,0,0,0,0,0
193,0.19,0.0078542,1,0,True,False,False,False,True,0,0,1,0,0,0,0,0,0,0,0,0,0,0,0,0,0,0,1
194,0.03,0.026,1,1,False,False,True,True,False,0,0,0,1,0,0,0,0,0,0,0,0,0,0,0,0,0,0,1
195,0.44,0.0277208,0,0,False,True,False,False,True,0,1,0,0,0,0,0,0,0,0,0,0,0,0,0,0,0,0,1
196,0.58,0.1465208,0,0,False,True,False,False,True,0,0,1,0,0,0,0,0,0,0,0,0,0,0,0,0,0,0,1
197,0.25,0.00775,0,0,True,False,False,True,False,1,0,0,0,0,0,0,0,0,0,0,0,0,0,0,0,0,0,0
198,0.42,0.008404199999999999,0,1,True,False,False,True,False,1,0,0,0,0,0,0,0,0,0,0,0,0,0,0,0,0,0,0
199,0.25,0.00775,0,0,True,False,False,False,True,0,0,1,0,0,0,0,0,0,0,0,0,0,0,0,0,0,0,1
200,0.24,0.013,0,0,False,False,True,False,True,0,0,1,0,0,0,0,0,0,0,0,0,0,0,0,0,0,0,0
201,0.28,0.0095,0,0,True,False,False,True,False,1,0,0,0,0,0,0,0,0,0,0,0,0,0,0,0,0,0,0
202,0.14,0.06955,8,2,True,False,False,True,False,1,0,0,0,0,0,0,0,0,0,0,0,0,0,0,0,0,0,0
203,0.34,0.0064958,0,0,True,False,False,True,False,1,0,0,0,0,0,0,0,0,0,0,0,0,0,0,0,0,0,0
204,0.45,0.007225,0,0,True,False,False,True,False,1,0,0,0,0,0,0,0,0,0,0,0,0,0,0,0,0,0,0
205,0.18,0.00805,0,0,True,False,False,True,False,1,0,0,0,0,0,0,0,0,0,0,0,0,0,0,0,0,0,1
206,0.02,0.0104625,0,1,True,False,False,False,True,0,0,1,0,0,0,0,0,0,0,0,0,0,0,0,0,0,0,0
207,0.32,0.01585,1,0,True,False,False,True,False,1,0,0,0,0,0,0,0,0,0,0,0,0,0,0,0,0,0,0
208,0.26,0.018787500000000002,0,0,True,False,False,True,False,1,0,0,0,0,0,0,0,0,0,0,0,0,0,0,0,0,0,1
209,0.16,0.00775,0,0,True,False,False,False,True,0,0,1,0,0,0,0,0,0,0,0,0,0,0,0,0,0,0,1
210,0.4,0.031,0,0,False,True,False,True,False,1,0,0,0,0,0,0,0,0,0,0,0,0,0,0,0,0,0,1
211,0.24,0.00705,0,0,True,False,False,True,False,1,0,0,0,0,0,0,0,0,0,0,0,0,0,0,0,0,0,0
212,0.35,0.021,0,0,False,False,True,False,True,0,0,1,0,0,0,0,0,0,0,0,0,0,0,0,0,0,0,1
213,0.22,0.00725,0,0,True,False,False,True,False,1,0,0,0,0,0,0,0,0,0,0,0,0,0,0,0,0,0,0
214,0.3,0.013,0,0,False,False,True,True,False,1,0,0,0,0,0,0,0,0,0,0,0,0,0,0,0,0,0,0
215,0.24,0.00775,1,0,True,False,False,True,False,1,0,0,0,0,0,0,0,0,0,0,0,0,0,0,0,0,0,0
216,0.31,0.113275,1,0,False,True,False,False,True,0,0,1,0,0,0,0,0,0,0,0,0,0,0,0,0,0,0,1
217,0.27,0.007925,0,0,True,False,False,False,True,0,0,1,0,0,0,0,0,0,0,0,0,0,0,0,0,0,0,1
218,0.42,0.027,1,0,False,False,True,True,False,1,0,0,0,0,0,0,0,0,0,0,0,0,0,0,0,0,0,0
219,0.32,0.0762917,0,0,False,True,False,False,True,0,0,1,0,0,0,0,0,0,0,0,0,0,0,0,0,0,0,1
220,0.3,0.0105,0,0,False,False,True,True,False,1,0,0,0,0,0,0,0,0,0,0,0,0,0,0,0,0,0,0
221,0.16,0.00805,0,0,True,False,False,True,False,1,0,0,0,0,0,0,0,0,0,0,0,0,0,0,0,0,0,1
222,0.27,0.013,0,0,False,False,True,True,False,1,0,0,0,0,0,0,0,0,0,0,0,0,0,0,0,0,0,0
223,0.51,0.00805,0,0,True,False,False,True,False,1,0,0,0,0,0,0,0,0,0,0,0,0,0,0,0,0,0,0
224,0.25,0.0078958,0,0,True,False,False,True,False,1,0,0,0,0,0,0,0,0,0,0,0,0,0,0,0,0,0,0
225,0.38,0.09,1,0,False,True,False,True,False,1,0,0,0,0,0,0,0,0,0,0,0,0,0,0,0,0,0,1
226,0.22,0.009349999999999999,0,0,True,False,False,True,False,1,0,0,0,0,0,0,0,0,0,0,0,0,0,0,0,0,0,0
227,0.19,0.0105,0,0,False,False,True,True,False,1,0,0,0,0,0,0,0,0,0,0,0,0,0,0,0,0,0,1
228,0.2,0.00725,0,0,True,False,False,True,False,1,0,0,0,0,0,0,0,0,0,0,0,0,0,0,0,0,0,0
229,0.18,0.013,0,0,False,False,True,True,False,1,0,0,0,0,0,0,0,0,0,0,0,0,0,0,0,0,0,0
230,0.08,0.0254667,3,1,True,False,False,False,True,0,0,1,0,0,0,0,0,0,0,0,0,0,0,0,0,0,0,0
231,0.35,0.083475,1,0,False,True,False,False,True,0,1,0,0,0,0,0,0,0,0,0,0,0,0,0,0,0,0,1
232,0.29,0.007775000000000001,0,0,True,False,False,True,False,1,0,0,0,0,0,0,0,0,0,0,0,0,0,0,0,0,0,0
233,0.59,0.0135,0,0,False,False,True,True,False,1,0,0,0,0,0,0,0,0,0,0,0,0,0,0,0,0,0,0
234,0.05,0.0313875,4,2,True,False,False,False,True,0,0,1,0,0,0,0,0,0,0,0,0,0,0,0,0,0,0,1
235,0.24,0.0105,0,0,False,False,True,True,False,1,0,0,0,0,0,0,0,0,0,0,0,0,0,0,0,0,0,0
236,0.25,0.007549999999999999,0,0,True,False,False,False,True,0,0,1,0,0,0,0,0,0,0,0,0,0,0,0,0,0,0,0
237,0.44,0.026,1,0,False,False,True,True,False,1,0,0,0,0,0,0,0,0,0,0,0,0,0,0,0,0,0,0
238,0.08,0.02625,0,2,False,False,True,False,True,0,0,1,0,0,0,0,0,0,0,0,0,0,0,0,0,0,0,1
239,0.19,0.0105,0,0,False,False,True,True,False,1,0,0,0,0,0,0,0,0,0,0,0,0,0,0,0,0,0,0
240,0.33,0.012275000000000001,0,0,False,False,True,True,False,1,0,0,0,0,0,0,0,0,0,0,0,0,0,0,0,0,0,0
241,0.24,0.0144542,1,0,True,False,False,False,True,0,0,1,0,0,0,0,0,0,0,0,0,0,0,0,0,0,0,0
242,0.24,0.0155,1,0,True,False,False,False,True,0,0,1,0,0,0,0,0,0,0,0,0,0,0,0,0,0,0,1
243,0.29,0.0105,0,0,False,False,True,True,False,1,0,0,0,0,0,0,0,0,0,0,0,0,0,0,0,0,0,0
244,0.22,0.007125,0,0,True,False,False,True,False,1,0,0,0,0,0,0,0,0,0,0,0,0,0,0,0,0,0,0
245,0.3,0.007225,0,0,True,False,False,True,False,1,0,0,0,0,0,0,0,0,0,0,0,0,0,0,0,0,0,0
246,0.44,0.09,2,0,False,True,False,True,False,0,0,0,0,0,0,1,0,0,0,0,0,0,0,0,0,0,0,0
247,0.25,0.007775000000000001,0,0,True,False,False,False,True,0,0,1,0,0,0,0,0,0,0,0,0,0,0,0,0,0,0,0
248,0.24,0.0145,0,2,False,False,True,False,True,0,1,0,0,0,0,0,0,0,0,0,0,0,0,0,0,0,0,1
249,0.37,0.0525542,1,1,False,True,False,True,False,1,0,0,0,0,0,0,0,0,0,0,0,0,0,0,0,0,0,1
250,0.54,0.026,1,0,False,False,True,True,False,0,0,0,0,0,1,0,0,0,0,0,0,0,0,0,0,0,0,0
251,0.25,0.00725,0,0,True,False,False,True,False,1,0,0,0,0,0,0,0,0,0,0,0,0,0,0,0,0,0,0
252,0.29,0.0104625,1,1,True,False,False,False,True,0,1,0,0,0,0,0,0,0,0,0,0,0,0,0,0,0,0,0
253,0.62,0.02655,0,0,False,True,False,True,False,1,0,0,0,0,0,0,0,0,0,0,0,0,0,0,0,0,0,0
254,0.3,0.0161,1,0,True,False,False,True,False,1,0,0,0,0,0,0,0,0,0,0,0,0,0,0,0,0,0,0
255,0.41,0.020212499999999998,0,2,True,False,False,False,True,0,1,0,0,0,0,0,0,0,0,0,0,0,0,0,0,0,0,0
256,0.29,0.015245799999999999,0,2,True,False,False,False,True,0,1,0,0,0,0,0,0,0,0,0,0,0,0,0,0,0,0,1
257,0.38,0.0792,0,0,False,True,False,False,True,0,1,0,0,0,0,0,0,0,0,0,0,0,0,0,0,0,0,1
258,0.3,0.0865,0,0,False,True,False,False,True,0,0,1,0,0,0,0,0,0,0,0,0,0,0,0,0,0,0,1
259,0.35,0.5123292,0,0,False,True,False,False,True,0,0,1,0,0,0,0,0,0,0,0,0,0,0,0,0,0,0,1
260,0.5,0.026,0,1,False,False,True,False,True,0,1,0,0,0,0,0,0,0,0,0,0,0,0,0,0,0,0,1
261,0.25,0.00775,0,0,True,False,False,True,False,1,0,0,0,0,0,0,0,0,0,0,0,0,0,0,0,0,0,0
262,0.03,0.0313875,4,2,True,False,False,True,False,0,0,0,1,0,0,0,0,0,0,0,0,0,0,0,0,0,0,1
263,0.52,0.07965000000000001,1,1,False,True,False,True,False,1,0,0,0,0,0,0,0,0,0,0,0,0,0,0,0,0,0,0
264,0.4,0.0,0,0,False,True,False,True,False,1,0,0,0,0,0,0,0,0,0,0,0,0,0,0,0,0,0,0
265,0.25,0.00775,0,0,True,False,False,False,True,0,0,1,0,0,0,0,0,0,0,0,0,0,0,0,0,0,0,0
266,0.36,0.0105,0,0,False,False,True,True,False,1,0,0,0,0,0,0,0,0,0,0,0,0,0,0,0,0,0,0
267,0.16,0.0396875,4,1,True,False,False,True,False,1,0,0,0,0,0,0,0,0,0,0,0,0,0,0,0,0,0,0
268,0.25,0.007775000000000001,1,0,True,False,False,True,False,1,0,0,0,0,0,0,0,0,0,0,0,0,0,0,0,0,0,1
269,0.58,0.1534625,0,1,False,True,False,False,True,0,1,0,0,0,0,0,0,0,0,0,0,0,0,0,0,0,0,1
270,0.35,0.13563329999999998,0,0,False,True,False,False,True,0,0,1,0,0,0,0,0,0,0,0,0,0,0,0,0,0,0,1
271,0.38,0.031,0,0,False,True,False,True,False,1,0,0,0,0,0,0,0,0,0,0,0,0,0,0,0,0,0,0
272,0.25,0.0,0,0,True,False,False,True,False,1,0,0,0,0,0,0,0,0,0,0,0,0,0,0,0,0,0,1
273,0.41,0.0195,0,1,False,False,True,False,True,0,1,0,0,0,0,0,0,0,0,0,0,0,0,0,0,0,0,1
274,0.37,0.0297,0,1,False,True,False,True,False,1,0,0,0,0,0,0,0,0,0,0,0,0,0,0,0,0,0,0
275,0.25,0.00775,0,0,True,False,False,False,True,0,0,1,0,0,0,0,0,0,0,0,0,0,0,0,0,0,0,1
276,0.63,0.0779583,1,0,False,True,False,False,True,0,0,1,0,0,0,0,0,0,0,0,0,0,0,0,0,0,0,1
277,0.45,0.00775,0,0,True,False,False,False,True,0,0,1,0,0,0,0,0,0,0,0,0,0,0,0,0,0,0,0
278,0.29,0.0,0,0,False,False,True,True,False,1,0,0,0,0,0,0,0,0,0,0,0,0,0,0,0,0,0,0
279,0.07,0.029125,4,1,True,False,False,True,False,0,0,0,1,0,0,0,0,0,0,0,0,0,0,0,0,0,0,0
280,0.35,0.02025,1,1,True,False,False,False,True,0,1,0,0,0,0,0,0,0,0,0,0,0,0,0,0,0,0,1
281,0.65,0.00775,0,0,True,False,False,True,False,1,0,0,0,0,0,0,0,0,0,0,0,0,0,0,0,0,0,0
282,0.28,0.0078542,0,0,True,False,False,True,False,1,0,0,0,0,0,0,0,0,0,0,0,0,0,0,0,0,0,0
283,0.16,0.0095,0,0,True,False,False,True,False,1,0,0,0,0,0,0,0,0,0,0,0,0,0,0,0,0,0,0
284,0.19,0.00805,0,0,True,False,False,True,False,1,0,0,0,0,0,0,0,0,0,0,0,0,0,0,0,0,0,1
285,0.38,0.026,0,0,False,True,False,True,False,1,0,0,0,0,0,0,0,0,0,0,0,0,0,0,0,0,0,0
286,0.33,0.0086625,0,0,True,False,False,True,False,1,0,0,0,0,0,0,0,0,0,0,0,0,0,0,0,0,0,0
287,0.3,0.0095,0,0,True,False,False,True,False,1,0,0,0,0,0,0,0,0,0,0,0,0,0,0,0,0,0,1
288,0.22,0.0078958,0,0,True,False,False,True,False,1,0,0,0,0,0,0,0,0,0,0,0,0,0,0,0,0,0,0
289,0.42,0.013,0,0,False,False,True,True,False,1,0,0,0,0,0,0,0,0,0,0,0,0,0,0,0,0,0,1
290,0.22,0.00775,0,0,True,False,False,False,True,0,0,1,0,0,0,0,0,0,0,0,0,0,0,0,0,0,0,1
291,0.26,0.07884999999999999,0,0,False,True,False,False,True,0,0,1,0,0,0,0,0,0,0,0,0,0,0,0,0,0,0,1
292,0.19,0.0910792,1,0,False,True,False,False,True,0,1,0,0,0,0,0,0,0,0,0,0,0,0,0,0,0,0,1
293,0.36,0.012875,0,0,False,False,True,True,False,1,0,0,0,0,0,0,0,0,0,0,0,0,0,0,0,0,0,0
294,0.24,0.00885,0,0,True,False,False,False,True,0,0,1,0,0,0,0,0,0,0,0,0,0,0,0,0,0,0,0
295,0.24,0.0078958,0,0,True,False,False,True,False,1,0,0,0,0,0,0,0,0,0,0,0,0,0,0,0,0,0,0
296,0.38,0.0277208,0,0,False,True,False,True,False,1,0,0,0,0,0,0,0,0,0,0,0,0,0,0,0,0,0,0
297,0.23,0.0072292,0,0,True,False,False,True,False,1,0,0,0,0,0,0,0,0,0,0,0,0,0,0,0,0,0,0
298,0.02,0.15155000000000002,1,2,False,True,False,False,True,0,0,1,0,0,0,0,0,0,0,0,0,0,0,0,0,0,0,0
299,0.38,0.0305,0,0,False,True,False,True,False,1,0,0,0,0,0,0,0,0,0,0,0,0,0,0,0,0,0,1
300,0.5,0.2475208,0,1,False,True,False,False,True,0,1,0,0,0,0,0,0,0,0,0,0,0,0,0,0,0,0,1
301,0.25,0.00775,0,0,True,False,False,False,True,0,0,1,0,0,0,0,0,0,0,0,0,0,0,0,0,0,0,1
302,0.19,0.02325,2,0,True,False,False,True,False,1,0,0,0,0,0,0,0,0,0,0,0,0,0,0,0,0,0,1
303,0.19,0.0,0,0,True,False,False,True,False,1,0,0,0,0,0,0,0,0,0,0,0,0,0,0,0,0,0,0
304,0.29,0.01235,0,0,False,False,True,False,True,0,0,1,0,0,0,0,0,0,0,0,0,0,0,0,0,0,0,1
305,0.25,0.00805,0,0,True,False,False,True,False,1,0,0,0,0,0,0,0,0,0,0,0,0,0,0,0,0,0,0
306,0.0,0.15155000000000002,1,2,False,True,False,True,False,0,0,0,1,0,0,0,0,0,0,0,0,0,0,0,0,0,0,1
307,0.38,0.1108833,0,0,False,True,False,False,True,0,0,1,0,0,0,0,0,0,0,0,0,0,0,0,0,0,0,1
308,0.17,0.10890000000000001,1,0,False,True,False,False,True,0,1,0,0,0,0,0,0,0,0,0,0,0,0,0,0,0,0,1
309,0.3,0.024,1,0,False,False,True,True,False,1,0,0,0,0,0,0,0,0,0,0,0,0,0,0,0,0,0,0
310,0.3,0.0569292,0,0,False,True,False,False,True,0,0,1,0,0,0,0,0,0,0,0,0,0,0,0,0,0,0,1
311,0.24,0.08315829999999999,0,0,False,True,False,False,True,0,0,1,0,0,0,0,0,0,0,0,0,0,0,0,0,0,0,1
312,0.18,0.262375,2,2,False,True,False,False,True,0,0,1,0,0,0,0,0,0,0,0,0,0,0,0,0,0,0,1
313,0.26,0.026,1,1,False,False,True,False,True,0,1,0,0,0,0,0,0,0,0,0,0,0,0,0,0,0,0,0
314,0.28,0.0078958,0,0,True,False,False,True,False,1,0,0,0,0,0,0,0,0,0,0,0,0,0,0,0,0,0,0
315,0.43,0.02625,1,1,False,False,True,True,False,1,0,0,0,0,0,0,0,0,0,0,0,0,0,0,0,0,0,0
316,0.26,0.0078542,0,0,True,False,False,False,True,0,0,1,0,0,0,0,0,0,0,0,0,0,0,0,0,0,0,1
317,0.24,0.026,1,0,False,False,True,False,True,0,1,0,0,0,0,0,0,0,0,0,0,0,0,0,0,0,0,1
318,0.54,0.014,0,0,False,False,True,True,False,0,0,0,0,0,0,1,0,0,0,0,0,0,0,0,0,0,0,0
319,0.31,0.1648667,0,2,False,True,False,False,True,0,0,1,0,0,0,0,0,0,0,0,0,0,0,0,0,0,0,1
320,0.4,0.1345,1,1,False,True,False,False,True,0,1,0,0,0,0,0,0,0,0,0,0,0,0,0,0,0,0,1
321,0.22,0.00725,0,0,True,False,False,True,False,1,0,0,0,0,0,0,0,0,0,0,0,0,0,0,0,0,0,0
322,0.27,0.0078958,0,0,True,False,False,True,False,1,0,0,0,0,0,0,0,0,0,0,0,0,0,0,0,0,0,0
323,0.3,0.01235,0,0,False,False,True,False,True,0,0,1,0,0,0,0,0,0,0,0,0,0,0,0,0,0,0,1
324,0.22,0.029,1,1,False,False,True,False,True,0,1,0,0,0,0,0,0,0,0,0,0,0,0,0,0,0,0,1
325,0.14,0.06955,8,2,True,False,False,True,False,1,0,0,0,0,0,0,0,0,0,0,0,0,0,0,0,0,0,0
326,0.36,0.13563329999999998,0,0,False,True,False,False,True,0,0,1,0,0,0,0,0,0,0,0,0,0,0,0,0,0,0,1
327,0.61,0.0062375,0,0,True,False,False,True,False,1,0,0,0,0,0,0,0,0,0,0,0,0,0,0,0,0,0,0
328,0.36,0.013,0,0,False,False,True,False,True,0,1,0,0,0,0,0,0,0,0,0,0,0,0,0,0,0,0,1
329,0.31,0.020524999999999998,1,1,True,False,False,False,True,0,1,0,0,0,0,0,0,0,0,0,0,0,0,0,0,0,0,1
330,0.16,0.0579792,0,1,False,True,False,False,True,0,0,1,0,0,0,0,0,0,0,0,0,0,0,0,0,0,0,1
331,0.19,0.02325,2,0,True,False,False,False,True,0,0,1,0,0,0,0,0,0,0,0,0,0,0,0,0,0,0,1
332,0.45,0.0285,0,0,False,True,False,True,False,1,0,0,0,0,0,0,0,0,0,0,0,0,0,0,0,0,0,0
333,0.38,0.1534625,0,1,False,True,False,True,False,1,0,0,0,0,0,0,0,0,0,0,0,0,0,0,0,0,0,0
334,0.16,0.018,2,0,True,False,False,True,False,1,0,0,0,0,0,0,0,0,0,0,0,0,0,0,0,0,0,0
335,0.39,0.13365000000000002,1,0,False,True,False,False,True,0,1,0,0,0,0,0,0,0,0,0,0,0,0,0,0,0,0,1
336,0.25,0.0078958,0,0,True,False,False,True,False,1,0,0,0,0,0,0,0,0,0,0,0,0,0,0,0,0,0,0
337,0.29,0.06659999999999999,1,0,False,True,False,True,False,1,0,0,0,0,0,0,0,0,0,0,0,0,0,0,0,0,0,0
338,0.41,0.1345,0,0,False,True,False,False,True,0,0,1,0,0,0,0,0,0,0,0,0,0,0,0,0,0,0,1
339,0.45,0.00805,0,0,True,False,False,True,False,1,0,0,0,0,0,0,0,0,0,0,0,0,0,0,0,0,0,1
340,0.45,0.0355,0,0,False,True,False,True,False,1,0,0,0,0,0,0,0,0,0,0,0,0,0,0,0,0,0,0
341,0.02,0.026,1,1,False,False,True,True,False,0,0,0,1,0,0,0,0,0,0,0,0,0,0,0,0,0,0,1
342,0.24,0.263,3,2,False,True,False,False,True,0,0,1,0,0,0,0,0,0,0,0,0,0,0,0,0,0,0,1
343,0.28,0.013,0,0,False,False,True,True,False,1,0,0,0,0,0,0,0,0,0,0,0,0,0,0,0,0,0,0
344,0.25,0.013,0,0,False,False,True,True,False,1,0,0,0,0,0,0,0,0,0,0,0,0,0,0,0,0,0,0
345,0.36,0.013,0,0,False,False,True,True,False,1,0,0,0,0,0,0,0,0,0,0,0,0,0,0,0,0,0,0
346,0.24,0.013,0,0,False,False,True,False,True,0,0,1,0,0,0,0,0,0,0,0,0,0,0,0,0,0,0,1
347,0.4,0.013,0,0,False,False,True,False,True,0,0,1,0,0,0,0,0,0,0,0,0,0,0,0,0,0,0,1
348,0.24,0.0161,1,0,True,False,False,False,True,0,1,0,0,0,0,0,0,0,0,0,0,0,0,0,0,0,0,1
349,0.03,0.0159,1,1,True,False,False,True,False,0,0,0,1,0,0,0,0,0,0,0,0,0,0,0,0,0,0,1
350,0.42,0.0086625,0,0,True,False,False,True,False,1,0,0,0,0,0,0,0,0,0,0,0,0,0,0,0,0,0,0
351,0.23,0.009224999999999999,0,0,True,False,False,True,False,1,0,0,0,0,0,0,0,0,0,0,0,0,0,0,0,0,0,0
352,0.38,0.035,0,0,False,True,False,True,False,1,0,0,0,0,0,0,0,0,0,0,0,0,0,0,0,0,0,0
353,0.15,0.0072292,1,1,True,False,False,True,False,1,0,0,0,0,0,0,0,0,0,0,0,0,0,0,0,0,0,0
354,0.25,0.0178,1,0,True,False,False,True,False,1,0,0,0,0,0,0,0,0,0,0,0,0,0,0,0,0,0,0
355,0.25,0.007225,0,0,True,False,False,True,False,1,0,0,0,0,0,0,0,0,0,0,0,0,0,0,0,0,0,0
356,0.28,0.0095,0,0,True,False,False,True,False,1,0,0,0,0,0,0,0,0,0,0,0,0,0,0,0,0,0,0
357,0.22,0.055,0,1,False,True,False,False,True,0,0,1,0,0,0,0,0,0,0,0,0,0,0,0,0,0,0,1
358,0.38,0.013,0,0,False,False,True,False,True,0,0,1,0,0,0,0,0,0,0,0,0,0,0,0,0,0,0,0
359,0.25,0.0078792,0,0,True,False,False,False,True,0,0,1,0,0,0,0,0,0,0,0,0,0,0,0,0,0,0,1
360,0.25,0.0078792,0,0,True,False,False,False,True,0,0,1,0,0,0,0,0,0,0,0,0,0,0,0,0,0,0,1
361,0.4,0.027899999999999998,1,4,True,False,False,True,False,1,0,0,0,0,0,0,0,0,0,0,0,0,0,0,0,0,0,0
362,0.29,0.0277208,1,0,False,False,True,True,False,1,0,0,0,0,0,0,0,0,0,0,0,0,0,0,0,0,0,0
363,0.45,0.0144542,0,1,True,False,False,False,True,0,1,0,0,0,0,0,0,0,0,0,0,0,0,0,0,0,0,0
364,0.35,0.00705,0,0,True,False,False,True,False,1,0,0,0,0,0,0,0,0,0,0,0,0,0,0,0,0,0,0
365,0.24,0.0155,1,0,True,False,False,True,False,1,0,0,0,0,0,0,0,0,0,0,0,0,0,0,0,0,0,0
366,0.3,0.00725,0,0,True,False,False,True,False,1,0,0,0,0,0,0,0,0,0,0,0,0,0,0,0,0,0,0
367,0.6,0.07525,1,0,False,True,False,False,True,0,1,0,0,0,0,0,0,0,0,0,0,0,0,0,0,0,0,1
368,0.25,0.0072292,0,0,True,False,False,False,True,0,1,0,0,0,0,0,0,0,0,0,0,0,0,0,0,0,0,1
369,0.25,0.00775,0,0,True,False,False,False,True,0,0,1,0,0,0,0,0,0,0,0,0,0,0,0,0,0,0,1
370,0.24,0.0693,0,0,False,True,False,False,True,0,0,0,0,0,0,0,1,0,0,0,0,0,0,0,0,0,0,1
371,0.25,0.0554417,1,0,False,True,False,True,False,1,0,0,0,0,0,0,0,0,0,0,0,0,0,0,0,0,0,1
372,0.18,0.0064958,1,0,True,False,False,True,False,1,0,0,0,0,0,0,0,0,0,0,0,0,0,0,0,0,0,0
373,0.19,0.00805,0,0,True,False,False,True,False,1,0,0,0,0,0,0,0,0,0,0,0,0,0,0,0,0,0,0
374,0.22,0.13563329999999998,0,0,False,True,False,True,False,1,0,0,0,0,0,0,0,0,0,0,0,0,0,0,0,0,0,0
375,0.03,0.021075,3,1,True,False,False,False,True,0,0,1,0,0,0,0,0,0,0,0,0,0,0,0,0,0,0,0
376,0.39,0.0821708,1,0,False,True,False,False,True,0,1,0,0,0,0,0,0,0,0,0,0,0,0,0,0,0,0,1
377,0.22,0.00725,0,0,True,False,False,False,True,0,0,1,0,0,0,0,0,0,0,0,0,0,0,0,0,0,0,1
378,0.27,0.2115,0,2,False,True,False,True,False,1,0,0,0,0,0,0,0,0,0,0,0,0,0,0,0,0,0,0
379,0.2,0.0040125000000000004,0,0,True,False,False,True,False,1,0,0,0,0,0,0,0,0,0,0,0,0,0,0,0,0,0,0
380,0.19,0.007775000000000001,0,0,True,False,False,True,False,1,0,0,0,0,0,0,0,0,0,0,0,0,0,0,0,0,0,0
381,0.42,0.227525,0,0,False,True,False,False,True,0,0,1,0,0,0,0,0,0,0,0,0,0,0,0,0,0,0,1
382,0.01,0.0157417,0,2,True,False,False,False,True,0,0,1,0,0,0,0,0,0,0,0,0,0,0,0,0,0,0,1
383,0.32,0.007925,0,0,True,False,False,True,False,1,0,0,0,0,0,0,0,0,0,0,0,0,0,0,0,0,0,0
384,0.35,0.052,1,0,False,True,False,False,True,0,1,0,0,0,0,0,0,0,0,0,0,0,0,0,0,0,0,1
385,0.25,0.0078958,0,0,True,False,False,True,False,1,0,0,0,0,0,0,0,0,0,0,0,0,0,0,0,0,0,0
386,0.18,0.0735,0,0,False,False,True,True,False,1,0,0,0,0,0,0,0,0,0,0,0,0,0,0,0,0,0,0
387,0.01,0.0469,5,2,True,False,False,True,False,0,0,0,1,0,0,0,0,0,0,0,0,0,0,0,0,0,0,0
388,0.36,0.013,0,0,False,False,True,False,True,0,0,1,0,0,0,0,0,0,0,0,0,0,0,0,0,0,0,1
389,0.25,0.0077291999999999994,0,0,True,False,False,True,False,1,0,0,0,0,0,0,0,0,0,0,0,0,0,0,0,0,0,0
390,0.17,0.012,0,0,False,False,True,False,True,0,0,1,0,0,0,0,0,0,0,0,0,0,0,0,0,0,0,1
391,0.36,0.12,1,2,False,True,False,True,False,1,0,0,0,0,0,0,0,0,0,0,0,0,0,0,0,0,0,1
392,0.21,0.007795799999999999,0,0,True,False,False,True,False,1,0,0,0,0,0,0,0,0,0,0,0,0,0,0,0,0,0,1
393,0.28,0.007925,2,0,True,False,False,True,False,1,0,0,0,0,0,0,0,0,0,0,0,0,0,0,0,0,0,0
394,0.23,0.113275,1,0,False,True,False,False,True,0,0,1,0,0,0,0,0,0,0,0,0,0,0,0,0,0,0,1
395,0.24,0.0167,0,2,True,False,False,False,True,0,1,0,0,0,0,0,0,0,0,0,0,0,0,0,0,0,0,1
396,0.22,0.007795799999999999,0,0,True,False,False,True,False,1,0,0,0,0,0,0,0,0,0,0,0,0,0,0,0,0,0,0
397,0.31,0.0078542,0,0,True,False,False,False,True,0,0,1,0,0,0,0,0,0,0,0,0,0,0,0,0,0,0,0
398,0.46,0.026,0,0,False,False,True,True,False,1,0,0,0,0,0,0,0,0,0,0,0,0,0,0,0,0,0,0
399,0.23,0.0105,0,0,False,False,True,True,False,0,0,0,0,0,0,1,0,0,0,0,0,0,0,0,0,0,0,0
400,0.28,0.01265,0,0,False,False,True,False,True,0,1,0,0,0,0,0,0,0,0,0,0,0,0,0,0,0,0,1
401,0.39,0.007925,0,0,True,False,False,True,False,1,0,0,0,0,0,0,0,0,0,0,0,0,0,0,0,0,0,1
402,0.26,0.00805,0,0,True,False,False,True,False,1,0,0,0,0,0,0,0,0,0,0,0,0,0,0,0,0,0,0
403,0.21,0.009824999999999999,1,0,True,False,False,False,True,0,0,1,0,0,0,0,0,0,0,0,0,0,0,0,0,0,0,0
404,0.28,0.01585,1,0,True,False,False,True,False,1,0,0,0,0,0,0,0,0,0,0,0,0,0,0,0,0,0,0
405,0.2,0.0086625,0,0,True,False,False,False,True,0,0,1,0,0,0,0,0,0,0,0,0,0,0,0,0,0,0,0
406,0.34,0.021,1,0,False,False,True,True,False,1,0,0,0,0,0,0,0,0,0,0,0,0,0,0,0,0,0,0
407,0.51,0.00775,0,0,True,False,False,True,False,1,0,0,0,0,0,0,0,0,0,0,0,0,0,0,0,0,0,0
408,0.03,0.01875,1,1,False,False,True,True,False,0,0,0,1,0,0,0,0,0,0,0,0,0,0,0,0,0,0,1
409,0.21,0.007775000000000001,0,0,True,False,False,True,False,1,0,0,0,0,0,0,0,0,0,0,0,0,0,0,0,0,0,0
410,0.08,0.0254667,3,1,True,False,False,False,True,0,0,1,0,0,0,0,0,0,0,0,0,0,0,0,0,0,0,0
411,0.25,0.0078958,0,0,True,False,False,True,False,1,0,0,0,0,0,0,0,0,0,0,0,0,0,0,0,0,0,0
412,0.25,0.0068582999999999995,0,0,True,False,False,True,False,1,0,0,0,0,0,0,0,0,0,0,0,0,0,0,0,0,0,0
413,0.33,0.09,1,0,False,True,False,False,True,0,0,1,0,0,0,0,0,0,0,0,0,0,0,0,0,0,0,1
414,0.29,0.0,0,0,False,False,True,True,False,1,0,0,0,0,0,0,0,0,0,0,0,0,0,0,0,0,0,0
415,0.44,0.007925,0,0,True,False,False,True,False,1,0,0,0,0,0,0,0,0,0,0,0,0,0,0,0,0,0,1
416,0.25,0.00805,0,0,True,False,False,False,True,0,1,0,0,0,0,0,0,0,0,0,0,0,0,0,0,0,0,0
417,0.34,0.0325,1,1,False,False,True,False,True,0,1,0,0,0,0,0,0,0,0,0,0,0,0,0,0,0,0,1
418,0.18,0.013,0,2,False,False,True,False,True,0,0,1,0,0,0,0,0,0,0,0,0,0,0,0,0,0,0,1
419,0.3,0.013,0,0,False,False,True,True,False,1,0,0,0,0,0,0,0,0,0,0,0,0,0,0,0,0,0,0
420,0.1,0.024149999999999998,0,2,True,False,False,False,True,0,0,1,0,0,0,0,0,0,0,0,0,0,0,0,0,0,0,0
421,0.25,0.0078958,0,0,True,False,False,True,False,1,0,0,0,0,0,0,0,0,0,0,0,0,0,0,0,0,0,0
422,0.21,0.0077333,0,0,True,False,False,True,False,1,0,0,0,0,0,0,0,0,0,0,0,0,0,0,0,0,0,0
423,0.29,0.007875,0,0,True,False,False,True,False,1,0,0,0,0,0,0,0,0,0,0,0,0,0,0,0,0,0,0
424,0.28,0.0144,1,1,True,False,False,False,True,0,1,0,0,0,0,0,0,0,0,0,0,0,0,0,0,0,0,0
425,0.18,0.020212499999999998,1,1,True,False,False,True,False,1,0,0,0,0,0,0,0,0,0,0,0,0,0,0,0,0,0,0
426,0.25,0.00725,0,0,True,False,False,True,False,1,0,0,0,0,0,0,0,0,0,0,0,0,0,0,0,0,0,0
427,0.28,0.026,1,0,False,False,True,False,True,0,1,0,0,0,0,0,0,0,0,0,0,0,0,0,0,0,0,1
428,0.19,0.026,0,0,False,False,True,False,True,0,0,1,0,0,0,0,0,0,0,0,0,0,0,0,0,0,0,1
429,0.25,0.00775,0,0,True,False,False,True,False,1,0,0,0,0,0,0,0,0,0,0,0,0,0,0,0,0,0,0
430,0.32,0.00805,0,0,True,False,False,True,False,1,0,0,0,0,0,0,0,0,0,0,0,0,0,0,0,0,0,1
431,0.28,0.02655,0,0,False,True,False,True,False,1,0,0,0,0,0,0,0,0,0,0,0,0,0,0,0,0,0,1
432,0.24,0.0161,1,0,True,False,False,False,True,0,1,0,0,0,0,0,0,0,0,0,0,0,0,0,0,0,0,1
433,0.42,0.026,1,0,False,False,True,False,True,0,1,0,0,0,0,0,0,0,0,0,0,0,0,0,0,0,0,1
434,0.17,0.007125,0,0,True,False,False,True,False,1,0,0,0,0,0,0,0,0,0,0,0,0,0,0,0,0,0,0
435,0.5,0.0559,1,0,False,True,False,True,False,1,0,0,0,0,0,0,0,0,0,0,0,0,0,0,0,0,0,0
436,0.14,0.12,1,2,False,True,False,False,True,0,0,1,0,0,0,0,0,0,0,0,0,0,0,0,0,0,0,1
437,0.21,0.034375,2,2,True,False,False,False,True,0,0,1,0,0,0,0,0,0,0,0,0,0,0,0,0,0,0,0
438,0.24,0.01875,2,3,False,False,True,False,True,0,1,0,0,0,0,0,0,0,0,0,0,0,0,0,0,0,0,1
439,0.64,0.263,1,4,False,True,False,True,False,1,0,0,0,0,0,0,0,0,0,0,0,0,0,0,0,0,0,0
440,0.31,0.0105,0,0,False,False,True,True,False,1,0,0,0,0,0,0,0,0,0,0,0,0,0,0,0,0,0,0
441,0.45,0.02625,1,1,False,False,True,False,True,0,1,0,0,0,0,0,0,0,0,0,0,0,0,0,0,0,0,1
442,0.2,0.0095,0,0,True,False,False,True,False,1,0,0,0,0,0,0,0,0,0,0,0,0,0,0,0,0,0,0
443,0.25,0.007775000000000001,1,0,True,False,False,True,False,1,0,0,0,0,0,0,0,0,0,0,0,0,0,0,0,0,0,0
444,0.28,0.013,0,0,False,False,True,False,True,0,0,0,0,0,0,0,0,1,0,0,0,0,0,0,0,0,0,1
445,0.25,0.0081125,0,0,True,False,False,True,False,1,0,0,0,0,0,0,0,0,0,0,0,0,0,0,0,0,0,1
446,0.04,0.0818583,0,2,False,True,False,True,False,0,0,0,1,0,0,0,0,0,0,0,0,0,0,0,0,0,0,1
447,0.13,0.0195,0,1,False,False,True,False,True,0,0,1,0,0,0,0,0,0,0,0,0,0,0,0,0,0,0,1
448,0.34,0.02655,0,0,False,True,False,True,False,1,0,0,0,0,0,0,0,0,0,0,0,0,0,0,0,0,0,1
449,0.05,0.0192583,2,1,True,False,False,False,True,0,0,1,0,0,0,0,0,0,0,0,0,0,0,0,0,0,0,1
450,0.52,0.0305,0,0,False,True,False,True,False,0,0,0,0,0,0,0,0,0,1,0,0,0,0,0,0,0,0,1
451,0.36,0.02775,1,2,False,False,True,True,False,1,0,0,0,0,0,0,0,0,0,0,0,0,0,0,0,0,0,0
452,0.24,0.0199667,1,0,True,False,False,True,False,1,0,0,0,0,0,0,0,0,0,0,0,0,0,0,0,0,0,0
453,0.3,0.02775,0,0,False,True,False,True,False,1,0,0,0,0,0,0,0,0,0,0,0,0,0,0,0,0,0,0
454,0.49,0.08910420000000001,1,0,False,True,False,True,False,1,0,0,0,0,0,0,0,0,0,0,0,0,0,0,0,0,0,1
455,0.25,0.00805,0,0,True,False,False,True,False,1,0,0,0,0,0,0,0,0,0,0,0,0,0,0,0,0,0,0
456,0.29,0.0078958,0,0,True,False,False,True,False,1,0,0,0,0,0,0,0,0,0,0,0,0,0,0,0,0,0,1
457,0.65,0.02655,0,0,False,True,False,True,False,1,0,0,0,0,0,0,0,0,0,0,0,0,0,0,0,0,0,0
458,0.39,0.0518625,1,0,False,True,False,False,True,0,1,0,0,0,0,0,0,0,0,0,0,0,0,0,0,0,0,1
459,0.5,0.0105,0,0,False,False,True,False,True,0,0,1,0,0,0,0,0,0,0,0,0,0,0,0,0,0,0,1
460,0.25,0.00775,0,0,True,False,False,True,False,1,0,0,0,0,0,0,0,0,0,0,0,0,0,0,0,0,0,0
461,0.48,0.02655,0,0,False,True,False,True,False,1,0,0,0,0,0,0,0,0,0,0,0,0,0,0,0,0,0,1
462,0.34,0.00805,0,0,True,False,False,True,False,1,0,0,0,0,0,0,0,0,0,0,0,0,0,0,0,0,0,0
463,0.47,0.0385,0,0,False,True,False,True,False,1,0,0,0,0,0,0,0,0,0,0,0,0,0,0,0,0,0,0
464,0.48,0.013,0,0,False,False,True,True,False,1,0,0,0,0,0,0,0,0,0,0,0,0,0,0,0,0,0,0
465,0.25,0.00805,0,0,True,False,False,True,False,1,0,0,0,0,0,0,0,0,0,0,0,0,0,0,0,0,0,0
466,0.38,0.00705,0,0,True,False,False,True,False,1,0,0,0,0,0,0,0,0,0,0,0,0,0,0,0,0,0,0
467,0.29,0.0,0,0,False,False,True,True,False,1,0,0,0,0,0,0,0,0,0,0,0,0,0,0,0,0,0,0
468,0.56,0.02655,0,0,False,True,False,True,False,1,0,0,0,0,0,0,0,0,0,0,0,0,0,0,0,0,0,0
469,0.25,0.007724999999999999,0,0,True,False,False,True,False,1,0,0,0,0,0,0,0,0,0,0,0,0,0,0,0,0,0,0
470,0.0,0.0192583,2,1,True,False,False,False,True,0,0,1,0,0,0,0,0,0,0,0,0,0,0,0,0,0,0,1
471,0.25,0.00725,0,0,True,False,False,True,False,1,0,0,0,0,0,0,0,0,0,0,0,0,0,0,0,0,0,0
472,0.38,0.0086625,0,0,True,False,False,True,False,1,0,0,0,0,0,0,0,0,0,0,0,0,0,0,0,0,0,0
473,0.33,0.02775,1,2,False,False,True,False,True,0,1,0,0,0,0,0,0,0,0,0,0,0,0,0,0,0,0,1
474,0.23,0.0137917,0,0,False,False,True,False,True,0,1,0,0,0,0,0,0,0,0,0,0,0,0,0,0,0,0,1
475,0.22,0.0098375,0,0,True,False,False,False,True,0,0,1,0,0,0,0,0,0,0,0,0,0,0,0,0,0,0,0
476,0.38,0.052,0,0,False,True,False,True,False,1,0,0,0,0,0,0,0,0,0,0,0,0,0,0,0,0,0,0
477,0.34,0.021,1,0,False,False,True,True,False,1,0,0,0,0,0,0,0,0,0,0,0,0,0,0,0,0,0,0
478,0.29,0.0070458,1,0,True,False,False,True,False,1,0,0,0,0,0,0,0,0,0,0,0,0,0,0,0,0,0,0
479,0.22,0.0075208,0,0,True,False,False,True,False,1,0,0,0,0,0,0,0,0,0,0,0,0,0,0,0,0,0,0
480,0.02,0.0122875,0,1,True,False,False,False,True,0,0,1,0,0,0,0,0,0,0,0,0,0,0,0,0,0,0,1
481,0.09,0.0469,5,2,True,False,False,True,False,0,0,0,1,0,0,0,0,0,0,0,0,0,0,0,0,0,0,0
482,0.29,0.0,0,0,False,False,True,True,False,1,0,0,0,0,0,0,0,0,0,0,0,0,0,0,0,0,0,0
483,0.5,0.00805,0,0,True,False,False,True,False,1,0,0,0,0,0,0,0,0,0,0,0,0,0,0,0,0,0,0
484,0.63,0.0095875,0,0,True,False,False,False,True,0,1,0,0,0,0,0,0,0,0,0,0,0,0,0,0,0,0,1
485,0.25,0.0910792,1,0,False,True,False,True,False,1,0,0,0,0,0,0,0,0,0,0,0,0,0,0,0,0,0,1
486,0.08,0.0254667,3,1,True,False,False,False,True,0,0,1,0,0,0,0,0,0,0,0,0,0,0,0,0,0,0,0
487,0.35,0.09,1,0,False,True,False,False,True,0,1,0,0,0,0,0,0,0,0,0,0,0,0,0,0,0,0,1
488,0.58,0.0297,0,0,False,True,False,True,False,1,0,0,0,0,0,0,0,0,0,0,0,0,0,0,0,0,0,0
489,0.3,0.00805,0,0,True,False,False,True,False,1,0,0,0,0,0,0,0,0,0,0,0,0,0,0,0,0,0,0
490,0.09,0.0159,1,1,True,False,False,True,False,0,0,0,1,0,0,0,0,0,0,0,0,0,0,0,0,0,0,1
491,0.24,0.0199667,1,0,True,False,False,True,False,1,0,0,0,0,0,0,0,0,0,0,0,0,0,0,0,0,0,0
492,0.21,0.00725,0,0,True,False,False,True,False,1,0,0,0,0,0,0,0,0,0,0,0,0,0,0,0,0,0,0
493,0.55,0.0305,0,0,False,True,False,True,False,1,0,0,0,0,0,0,0,0,0,0,0,0,0,0,0,0,0,0
494,0.71,0.0495042,0,0,False,True,False,True,False,1,0,0,0,0,0,0,0,0,0,0,0,0,0,0,0,0,0,0
495,0.21,0.00805,0,0,True,False,False,True,False,1,0,0,0,0,0,0,0,0,0,0,0,0,0,0,0,0,0,0
496,0.25,0.0144583,0,0,True,False,False,True,False,1,0,0,0,0,0,0,0,0,0,0,0,0,0,0,0,0,0,0
497,0.54,0.0782667,1,0,False,True,False,False,True,0,0,1,0,0,0,0,0,0,0,0,0,0,0,0,0,0,0,1
498,0.25,0.015099999999999999,0,0,True,False,False,True,False,1,0,0,0,0,0,0,0,0,0,0,0,0,0,0,0,0,0,0
499,0.25,0.15155000000000002,1,2,False,True,False,False,True,0,1,0,0,0,0,0,0,0,0,0,0,0,0,0,0,0,0,0
500,0.24,0.007795799999999999,0,0,True,False,False,True,False,1,0,0,0,0,0,0,0,0,0,0,0,0,0,0,0,0,0,0
501,0.17,0.0086625,0,0,True,False,False,True,False,1,0,0,0,0,0,0,0,0,0,0,0,0,0,0,0,0,0,0
502,0.21,0.00775,0,0,True,False,False,False,True,0,0,1,0,0,0,0,0,0,0,0,0,0,0,0,0,0,0,0
503,0.25,0.0076292,0,0,True,False,False,False,True,0,0,1,0,0,0,0,0,0,0,0,0,0,0,0,0,0,0,0
504,0.37,0.0095875,0,0,True,False,False,False,True,0,0,1,0,0,0,0,0,0,0,0,0,0,0,0,0,0,0,0
505,0.16,0.0865,0,0,False,True,False,False,True,0,0,1,0,0,0,0,0,0,0,0,0,0,0,0,0,0,0,1
506,0.18,0.10890000000000001,1,0,False,True,False,True,False,1,0,0,0,0,0,0,0,0,0,0,0,0,0,0,0,0,0,0
507,0.33,0.026,0,2,False,False,True,False,True,0,1,0,0,0,0,0,0,0,0,0,0,0,0,0,0,0,0,1
508,0.38,0.02655,0,0,False,True,False,True,False,1,0,0,0,0,0,0,0,0,0,0,0,0,0,0,0,0,0,1
509,0.28,0.022525,0,0,True,False,False,True,False,1,0,0,0,0,0,0,0,0,0,0,0,0,0,0,0,0,0,0
510,0.26,0.056495800000000006,0,0,True,False,False,True,False,1,0,0,0,0,0,0,0,0,0,0,0,0,0,0,0,0,0,1
511,0.29,0.00775,0,0,True,False,False,True,False,1,0,0,0,0,0,0,0,0,0,0,0,0,0,0,0,0,0,1
512,0.25,0.00805,0,0,True,False,False,True,False,1,0,0,0,0,0,0,0,0,0,0,0,0,0,0,0,0,0,0
513,0.36,0.026287500000000002,0,0,False,True,False,True,False,1,0,0,0,0,0,0,0,0,0,0,0,0,0,0,0,0,0,1
514,0.54,0.0594,1,0,False,True,False,False,True,0,1,0,0,0,0,0,0,0,0,0,0,0,0,0,0,0,0,1
515,0.24,0.0074958,0,0,True,False,False,True,False,1,0,0,0,0,0,0,0,0,0,0,0,0,0,0,0,0,0,0
516,0.47,0.034020800000000004,0,0,False,True,False,True,False,1,0,0,0,0,0,0,0,0,0,0,0,0,0,0,0,0,0,0
517,0.34,0.0105,0,0,False,False,True,False,True,0,1,0,0,0,0,0,0,0,0,0,0,0,0,0,0,0,0,1
518,0.25,0.024149999999999998,0,0,True,False,False,True,False,1,0,0,0,0,0,0,0,0,0,0,0,0,0,0,0,0,0,0
519,0.36,0.026,1,0,False,False,True,False,True,0,1,0,0,0,0,0,0,0,0,0,0,0,0,0,0,0,0,1
520,0.32,0.0078958,0,0,True,False,False,True,False,1,0,0,0,0,0,0,0,0,0,0,0,0,0,0,0,0,0,0
521,0.3,0.0935,0,0,False,True,False,False,True,0,0,1,0,0,0,0,0,0,0,0,0,0,0,0,0,0,0,1
522,0.22,0.0078958,0,0,True,False,False,True,False,1,0,0,0,0,0,0,0,0,0,0,0,0,0,0,0,0,0,0
523,0.25,0.007225,0,0,True,False,False,True,False,1,0,0,0,0,0,0,0,0,0,0,0,0,0,0,0,0,0,0
524,0.44,0.0579792,0,1,False,True,False,False,True,0,1,0,0,0,0,0,0,0,0,0,0,0,0,0,0,0,0,1
525,0.25,0.0072292,0,0,True,False,False,True,False,1,0,0,0,0,0,0,0,0,0,0,0,0,0,0,0,0,0,0
526,0.4,0.00775,0,0,True,False,False,True,False,1,0,0,0,0,0,0,0,0,0,0,0,0,0,0,0,0,0,0
527,0.5,0.0105,0,0,False,False,True,False,True,0,0,1,0,0,0,0,0,0,0,0,0,0,0,0,0,0,0,1
528,0.38,0.2217792,0,0,False,True,False,True,False,1,0,0,0,0,0,0,0,0,0,0,0,0,0,0,0,0,0,0
529,0.39,0.007925,0,0,True,False,False,True,False,1,0,0,0,0,0,0,0,0,0,0,0,0,0,0,0,0,0,0
530,0.23,0.0115,2,1,False,False,True,True,False,1,0,0,0,0,0,0,0,0,0,0,0,0,0,0,0,0,0,0
531,0.02,0.026,1,1,False,False,True,False,True,0,0,1,0,0,0,0,0,0,0,0,0,0,0,0,0,0,0,1
532,0.25,0.0072292,0,0,True,False,False,True,False,1,0,0,0,0,0,0,0,0,0,0,0,0,0,0,0,0,0,0
533,0.17,0.0072292,1,1,True,False,False,True,False,1,0,0,0,0,0,0,0,0,0,0,0,0,0,0,0,0,0,0
534,0.25,0.0223583,0,2,True,False,False,False,True,0,1,0,0,0,0,0,0,0,0,0,0,0,0,0,0,0,0,1
535,0.3,0.0086625,0,0,True,False,False,False,True,0,0,1,0,0,0,0,0,0,0,0,0,0,0,0,0,0,0,0
536,0.07,0.02625,0,2,False,False,True,False,True,0,0,1,0,0,0,0,0,0,0,0,0,0,0,0,0,0,0,1
537,0.45,0.02655,0,0,False,True,False,True,False,0,0,0,0,0,0,0,0,0,1,0,0,0,0,0,0,0,0,0
538,0.3,0.10642499999999999,0,0,False,True,False,False,True,0,0,1,0,0,0,0,0,0,0,0,0,0,0,0,0,0,0,1
539,0.25,0.0145,0,0,True,False,False,True,False,1,0,0,0,0,0,0,0,0,0,0,0,0,0,0,0,0,0,0
540,0.22,0.0495,0,2,False,True,False,False,True,0,0,1,0,0,0,0,0,0,0,0,0,0,0,0,0,0,0,1
541,0.36,0.071,0,2,False,True,False,False,True,0,0,1,0,0,0,0,0,0,0,0,0,0,0,0,0,0,0,1
542,0.09,0.031275,4,2,True,False,False,False,True,0,0,1,0,0,0,0,0,0,0,0,0,0,0,0,0,0,0,0
543,0.11,0.031275,4,2,True,False,False,False,True,0,0,1,0,0,0,0,0,0,0,0,0,0,0,0,0,0,0,0
544,0.32,0.026,1,0,False,False,True,True,False,1,0,0,0,0,0,0,0,0,0,0,0,0,0,0,0,0,0,1
545,0.5,0.10642499999999999,1,0,False,True,False,True,False,1,0,0,0,0,0,0,0,0,0,0,0,0,0,0,0,0,0,0
546,0.64,0.026,0,0,False,True,False,True,False,1,0,0,0,0,0,0,0,0,0,0,0,0,0,0,0,0,0,0
547,0.19,0.026,1,0,False,False,True,False,True,0,1,0,0,0,0,0,0,0,0,0,0,0,0,0,0,0,0,1
548,0.29,0.013862500000000002,0,0,False,False,True,True,False,1,0,0,0,0,0,0,0,0,0,0,0,0,0,0,0,0,0,1
549,0.33,0.020524999999999998,1,1,True,False,False,True,False,1,0,0,0,0,0,0,0,0,0,0,0,0,0,0,0,0,0,0
550,0.08,0.03675,1,1,False,False,True,True,False,0,0,0,1,0,0,0,0,0,0,0,0,0,0,0,0,0,0,1
551,0.17,0.1108833,0,2,False,True,False,True,False,1,0,0,0,0,0,0,0,0,0,0,0,0,0,0,0,0,0,1
552,0.27,0.026,0,0,False,False,True,True,False,1,0,0,0,0,0,0,0,0,0,0,0,0,0,0,0,0,0,0
553,0.25,0.0078292,0,0,True,False,False,True,False,1,0,0,0,0,0,0,0,0,0,0,0,0,0,0,0,0,0,0
554,0.22,0.007225,0,0,True,False,False,True,False,1,0,0,0,0,0,0,0,0,0,0,0,0,0,0,0,0,0,1
555,0.22,0.007775000000000001,0,0,True,False,False,False,True,0,0,1,0,0,0,0,0,0,0,0,0,0,0,0,0,0,0,1
556,0.62,0.02655,0,0,False,True,False,True,False,1,0,0,0,0,0,0,0,0,0,0,0,0,0,0,0,0,0,0
557,0.48,0.0396,1,0,False,True,False,False,True,0,0,0,0,0,0,0,0,0,0,1,0,0,0,0,0,0,0,1
558,0.38,0.227525,0,0,False,True,False,True,False,1,0,0,0,0,0,0,0,0,0,0,0,0,0,0,0,0,0,0
559,0.39,0.07965000000000001,1,1,False,True,False,False,True,0,1,0,0,0,0,0,0,0,0,0,0,0,0,0,0,0,0,1
560,0.36,0.0174,1,0,True,False,False,False,True,0,1,0,0,0,0,0,0,0,0,0,0,0,0,0,0,0,0,1
561,0.25,0.00775,0,0,True,False,False,True,False,1,0,0,0,0,0,0,0,0,0,0,0,0,0,0,0,0,0,0
562,0.4,0.0078958,0,0,True,False,False,True,False,1,0,0,0,0,0,0,0,0,0,0,0,0,0,0,0,0,0,0
563,0.28,0.0135,0,0,False,False,True,True,False,1,0,0,0,0,0,0,0,0,0,0,0,0,0,0,0,0,0,0
564,0.25,0.00805,0,0,True,False,False,True,False,1,0,0,0,0,0,0,0,0,0,0,0,0,0,0,0,0,0,0
565,0.25,0.00805,0,0,True,False,False,False,True,0,0,1,0,0,0,0,0,0,0,0,0,0,0,0,0,0,0,0
566,0.24,0.024149999999999998,2,0,True,False,False,True,False,1,0,0,0,0,0,0,0,0,0,0,0,0,0,0,0,0,0,0
567,0.19,0.0078958,0,0,True,False,False,True,False,1,0,0,0,0,0,0,0,0,0,0,0,0,0,0,0,0,0,0
568,0.29,0.021075,0,4,True,False,False,False,True,0,1,0,0,0,0,0,0,0,0,0,0,0,0,0,0,0,0,0
569,0.25,0.0072292,0,0,True,False,False,True,False,1,0,0,0,0,0,0,0,0,0,0,0,0,0,0,0,0,0,0
570,0.32,0.0078542,0,0,True,False,False,True,False,1,0,0,0,0,0,0,0,0,0,0,0,0,0,0,0,0,0,1
571,0.62,0.0105,0,0,False,False,True,True,False,1,0,0,0,0,0,0,0,0,0,0,0,0,0,0,0,0,0,1
572,0.53,0.051479199999999996,2,0,False,True,False,False,True,0,1,0,0,0,0,0,0,0,0,0,0,0,0,0,0,0,0,1
573,0.36,0.026387499999999998,0,0,False,True,False,True,False,1,0,0,0,0,0,0,0,0,0,0,0,0,0,0,0,0,0,1
574,0.25,0.00775,0,0,True,False,False,False,True,0,0,1,0,0,0,0,0,0,0,0,0,0,0,0,0,0,0,1
575,0.16,0.00805,0,0,True,False,False,True,False,1,0,0,0,0,0,0,0,0,0,0,0,0,0,0,0,0,0,0
576,0.19,0.0145,0,0,True,False,False,True,False,1,0,0,0,0,0,0,0,0,0,0,0,0,0,0,0,0,0,0
577,0.34,0.013,0,0,False,False,True,False,True,0,0,1,0,0,0,0,0,0,0,0,0,0,0,0,0,0,0,1
578,0.39,0.0559,1,0,False,True,False,False,True,0,1,0,0,0,0,0,0,0,0,0,0,0,0,0,0,0,0,1
579,0.24,0.0144583,1,0,True,False,False,False,True,0,1,0,0,0,0,0,0,0,0,0,0,0,0,0,0,0,0,0
580,0.32,0.007925,0,0,True,False,False,True,False,1,0,0,0,0,0,0,0,0,0,0,0,0,0,0,0,0,0,1
581,0.25,0.03,1,1,False,False,True,False,True,0,0,1,0,0,0,0,0,0,0,0,0,0,0,0,0,0,0,1
582,0.39,0.1108833,1,1,False,True,False,False,True,0,1,0,0,0,0,0,0,0,0,0,0,0,0,0,0,0,0,1
583,0.54,0.026,0,0,False,False,True,True,False,1,0,0,0,0,0,0,0,0,0,0,0,0,0,0,0,0,0,0
584,0.36,0.040125,0,0,False,True,False,True,False,1,0,0,0,0,0,0,0,0,0,0,0,0,0,0,0,0,0,0
585,0.25,0.0087125,0,0,True,False,False,True,False,1,0,0,0,0,0,0,0,0,0,0,0,0,0,0,0,0,0,0
586,0.18,0.07965000000000001,0,2,False,True,False,False,True,0,0,1,0,0,0,0,0,0,0,0,0,0,0,0,0,0,0,1
587,0.47,0.015,0,0,False,False,True,True,False,1,0,0,0,0,0,0,0,0,0,0,0,0,0,0,0,0,0,0
588,0.6,0.0792,1,1,False,True,False,True,False,1,0,0,0,0,0,0,0,0,0,0,0,0,0,0,0,0,0,1
589,0.22,0.00805,0,0,True,False,False,True,False,1,0,0,0,0,0,0,0,0,0,0,0,0,0,0,0,0,0,0
590,0.25,0.00805,0,0,True,False,False,True,False,1,0,0,0,0,0,0,0,0,0,0,0,0,0,0,0,0,0,0
591,0.35,0.007125,0,0,True,False,False,True,False,1,0,0,0,0,0,0,0,0,0,0,0,0,0,0,0,0,0,0
592,0.52,0.0782667,1,0,False,True,False,False,True,0,1,0,0,0,0,0,0,0,0,0,0,0,0,0,0,0,0,1
593,0.47,0.00725,0,0,True,False,False,True,False,1,0,0,0,0,0,0,0,0,0,0,0,0,0,0,0,0,0,0
594,0.25,0.00775,0,2,True,False,False,False,True,0,0,1,0,0,0,0,0,0,0,0,0,0,0,0,0,0,0,0
595,0.37,0.026,1,0,False,False,True,True,False,1,0,0,0,0,0,0,0,0,0,0,0,0,0,0,0,0,0,0
596,0.36,0.024149999999999998,1,1,True,False,False,True,False,1,0,0,0,0,0,0,0,0,0,0,0,0,0,0,0,0,0,0
597,0.29,0.033,0,0,False,False,True,False,True,0,0,1,0,0,0,0,0,0,0,0,0,0,0,0,0,0,0,1
598,0.49,0.0,0,0,True,False,False,True,False,1,0,0,0,0,0,0,0,0,0,0,0,0,0,0,0,0,0,0
599,0.25,0.007225,0,0,True,False,False,True,False,1,0,0,0,0,0,0,0,0,0,0,0,0,0,0,0,0,0,0
600,0.49,0.0569292,1,0,False,True,False,True,False,0,0,0,0,0,0,0,0,0,0,0,1,0,0,0,0,0,0,1
601,0.24,0.027,2,1,False,False,True,False,True,0,1,0,0,0,0,0,0,0,0,0,0,0,0,0,0,0,0,1
602,0.25,0.0078958,0,0,True,False,False,True,False,1,0,0,0,0,0,0,0,0,0,0,0,0,0,0,0,0,0,0
603,0.38,0.0424,0,0,False,True,False,True,False,1,0,0,0,0,0,0,0,0,0,0,0,0,0,0,0,0,0,0
604,0.44,0.00805,0,0,True,False,False,True,False,1,0,0,0,0,0,0,0,0,0,0,0,0,0,0,0,0,0,0
605,0.35,0.02655,0,0,False,True,False,True,False,1,0,0,0,0,0,0,0,0,0,0,0,0,0,0,0,0,0,1
606,0.36,0.015550000000000001,1,0,True,False,False,True,False,1,0,0,0,0,0,0,0,0,0,0,0,0,0,0,0,0,0,0
607,0.3,0.0078958,0,0,True,False,False,True,False,1,0,0,0,0,0,0,0,0,0,0,0,0,0,0,0,0,0,0
608,0.27,0.0305,0,0,False,True,False,True,False,1,0,0,0,0,0,0,0,0,0,0,0,0,0,0,0,0,0,1
609,0.22,0.0415792,1,2,False,False,True,False,True,0,1,0,0,0,0,0,0,0,0,0,0,0,0,0,0,0,0,1
610,0.4,0.1534625,0,0,False,True,False,False,True,0,0,1,0,0,0,0,0,0,0,0,0,0,0,0,0,0,0,1
611,0.39,0.031275,1,5,True,False,False,False,True,0,1,0,0,0,0,0,0,0,0,0,0,0,0,0,0,0,0,0
612,0.25,0.00705,0,0,True,False,False,True,False,1,0,0,0,0,0,0,0,0,0,0,0,0,0,0,0,0,0,0
613,0.24,0.0155,1,0,True,False,False,False,True,0,0,1,0,0,0,0,0,0,0,0,0,0,0,0,0,0,0,1
614,0.25,0.00775,0,0,True,False,False,True,False,1,0,0,0,0,0,0,0,0,0,0,0,0,0,0,0,0,0,0
615,0.35,0.00805,0,0,True,False,False,True,False,1,0,0,0,0,0,0,0,0,0,0,0,0,0,0,0,0,0,0
616,0.24,0.065,1,2,False,False,True,False,True,0,0,1,0,0,0,0,0,0,0,0,0,0,0,0,0,0,0,1
617,0.34,0.0144,1,1,True,False,False,True,False,1,0,0,0,0,0,0,0,0,0,0,0,0,0,0,0,0,0,0
618,0.26,0.0161,1,0,True,False,False,False,True,0,1,0,0,0,0,0,0,0,0,0,0,0,0,0,0,0,0,0
619,0.04,0.039,2,1,False,False,True,False,True,0,0,1,0,0,0,0,0,0,0,0,0,0,0,0,0,0,0,1
620,0.26,0.0105,0,0,False,False,True,True,False,1,0,0,0,0,0,0,0,0,0,0,0,0,0,0,0,0,0,0
621,0.27,0.0144542,1,0,True,False,False,True,False,1,0,0,0,0,0,0,0,0,0,0,0,0,0,0,0,0,0,0
622,0.42,0.0525542,1,0,False,True,False,True,False,1,0,0,0,0,0,0,0,0,0,0,0,0,0,0,0,0,0,1
623,0.2,0.0157417,1,1,True,False,False,True,False,1,0,0,0,0,0,0,0,0,0,0,0,0,0,0,0,0,0,1
624,0.21,0.0078542,0,0,True,False,False,True,False,1,0,0,0,0,0,0,0,0,0,0,0,0,0,0,0,0,0,0
625,0.21,0.0161,0,0,True,False,False,True,False,1,0,0,0,0,0,0,0,0,0,0,0,0,0,0,0,0,0,0
626,0.61,0.0323208,0,0,False,True,False,True,False,1,0,0,0,0,0,0,0,0,0,0,0,0,0,0,0,0,0,0
627,0.57,0.01235,0,0,False,False,True,True,False,0,0,0,0,0,1,0,0,0,0,0,0,0,0,0,0,0,0,0
628,0.21,0.0779583,0,0,False,True,False,False,True,0,0,1,0,0,0,0,0,0,0,0,0,0,0,0,0,0,0,1
629,0.26,0.0078958,0,0,True,False,False,True,False,1,0,0,0,0,0,0,0,0,0,0,0,0,0,0,0,0,0,0
630,0.25,0.0077333,0,0,True,False,False,True,False,1,0,0,0,0,0,0,0,0,0,0,0,0,0,0,0,0,0,0
631,0.8,0.03,0,0,False,True,False,True,False,1,0,0,0,0,0,0,0,0,0,0,0,0,0,0,0,0,0,1
632,0.51,0.0070542,0,0,True,False,False,True,False,1,0,0,0,0,0,0,0,0,0,0,0,0,0,0,0,0,0,0
633,0.32,0.0305,0,0,False,True,False,True,False,0,0,0,0,0,0,1,0,0,0,0,0,0,0,0,0,0,0,1
634,0.38,0.0,0,0,False,True,False,True,False,1,0,0,0,0,0,0,0,0,0,0,0,0,0,0,0,0,0,0
635,0.09,0.027899999999999998,3,2,True,False,False,False,True,0,0,1,0,0,0,0,0,0,0,0,0,0,0,0,0,0,0,0
636,0.28,0.013,0,0,False,False,True,False,True,0,0,1,0,0,0,0,0,0,0,0,0,0,0,0,0,0,0,1
637,0.32,0.007925,0,0,True,False,False,True,False,1,0,0,0,0,0,0,0,0,0,0,0,0,0,0,0,0,0,0
638,0.31,0.02625,1,1,False,False,True,True,False,1,0,0,0,0,0,0,0,0,0,0,0,0,0,0,0,0,0,0
639,0.41,0.0396875,0,5,True,False,False,False,True,0,1,0,0,0,0,0,0,0,0,0,0,0,0,0,0,0,0,0
640,0.24,0.0161,1,0,True,False,False,True,False,1,0,0,0,0,0,0,0,0,0,0,0,0,0,0,0,0,0,0
641,0.2,0.0078542,0,0,True,False,False,True,False,1,0,0,0,0,0,0,0,0,0,0,0,0,0,0,0,0,0,0
642,0.24,0.0693,0,0,False,True,False,False,True,0,0,0,0,0,0,0,0,0,0,0,0,1,0,0,0,0,0,1
643,0.02,0.027899999999999998,3,2,True,False,False,False,True,0,0,1,0,0,0,0,0,0,0,0,0,0,0,0,0,0,0,0
644,0.25,0.056495800000000006,0,0,True,False,False,True,False,1,0,0,0,0,0,0,0,0,0,0,0,0,0,0,0,0,0,1
645,0.0,0.0192583,2,1,True,False,False,False,True,0,0,1,0,0,0,0,0,0,0,0,0,0,0,0,0,0,0,1
646,0.48,0.07672920000000001,1,0,False,True,False,True,False,1,0,0,0,0,0,0,0,0,0,0,0,0,0,0,0,0,0,1
647,0.19,0.0078958,0,0,True,False,False,True,False,1,0,0,0,0,0,0,0,0,0,0,0,0,0,0,0,0,0,0
648,0.56,0.0355,0,0,False,True,False,True,False,0,0,0,0,0,0,0,0,0,0,0,0,0,1,0,0,0,0,1
649,0.25,0.007549999999999999,0,0,True,False,False,True,False,1,0,0,0,0,0,0,0,0,0,0,0,0,0,0,0,0,0,0
650,0.23,0.007549999999999999,0,0,True,False,False,False,True,0,0,1,0,0,0,0,0,0,0,0,0,0,0,0,0,0,0,1
651,0.25,0.0078958,0,0,True,False,False,True,False,1,0,0,0,0,0,0,0,0,0,0,0,0,0,0,0,0,0,0
652,0.18,0.023,0,1,False,False,True,False,True,0,0,1,0,0,0,0,0,0,0,0,0,0,0,0,0,0,0,1
653,0.21,0.0084333,0,0,True,False,False,True,False,1,0,0,0,0,0,0,0,0,0,0,0,0,0,0,0,0,0,0
654,0.25,0.0078292,0,0,True,False,False,False,True,0,0,1,0,0,0,0,0,0,0,0,0,0,0,0,0,0,0,1
655,0.18,0.00675,0,0,True,False,False,False,True,0,0,1,0,0,0,0,0,0,0,0,0,0,0,0,0,0,0,0
656,0.24,0.0735,2,0,False,False,True,True,False,1,0,0,0,0,0,0,0,0,0,0,0,0,0,0,0,0,0,0
657,0.25,0.0078958,0,0,True,False,False,True,False,1,0,0,0,0,0,0,0,0,0,0,0,0,0,0,0,0,0,0
658,0.32,0.0155,1,1,True,False,False,False,True,0,1,0,0,0,0,0,0,0,0,0,0,0,0,0,0,0,0,0
659,0.23,0.013,0,0,False,False,True,True,False,1,0,0,0,0,0,0,0,0,0,0,0,0,0,0,0,0,0,0
660,0.58,0.113275,0,2,False,True,False,True,False,1,0,0,0,0,0,0,0,0,0,0,0,0,0,0,0,0,0,0
661,0.5,0.13365000000000002,2,0,False,True,False,True,False,0,0,0,0,0,0,1,0,0,0,0,0,0,0,0,0,0,0,1
662,0.4,0.007225,0,0,True,False,False,True,False,1,0,0,0,0,0,0,0,0,0,0,0,0,0,0,0,0,0,0
663,0.47,0.0255875,0,0,False,True,False,True,False,1,0,0,0,0,0,0,0,0,0,0,0,0,0,0,0,0,0,0
664,0.36,0.0074958,0,0,True,False,False,True,False,1,0,0,0,0,0,0,0,0,0,0,0,0,0,0,0,0,0,0
665,0.2,0.007925,1,0,True,False,False,True,False,1,0,0,0,0,0,0,0,0,0,0,0,0,0,0,0,0,0,1
666,0.32,0.0735,2,0,False,False,True,True,False,1,0,0,0,0,0,0,0,0,0,0,0,0,0,0,0,0,0,0
667,0.25,0.013,0,0,False,False,True,True,False,1,0,0,0,0,0,0,0,0,0,0,0,0,0,0,0,0,0,0
668,0.25,0.007775000000000001,0,0,True,False,False,True,False,1,0,0,0,0,0,0,0,0,0,0,0,0,0,0,0,0,0,0
669,0.43,0.00805,0,0,True,False,False,True,False,1,0,0,0,0,0,0,0,0,0,0,0,0,0,0,0,0,0,0
670,0.39,0.052,1,0,False,True,False,False,True,0,1,0,0,0,0,0,0,0,0,0,0,0,0,0,0,0,0,1
671,0.4,0.039,1,1,False,False,True,False,True,0,1,0,0,0,0,0,0,0,0,0,0,0,0,0,0,0,0,1
672,0.31,0.052,1,0,False,True,False,True,False,1,0,0,0,0,0,0,0,0,0,0,0,0,0,0,0,0,0,0
673,0.7,0.0105,0,0,False,False,True,True,False,1,0,0,0,0,0,0,0,0,0,0,0,0,0,0,0,0,0,0
674,0.31,0.013,0,0,False,False,True,True,False,1,0,0,0,0,0,0,0,0,0,0,0,0,0,0,0,0,0,1
675,0.29,0.0,0,0,False,False,True,True,False,1,0,0,0,0,0,0,0,0,0,0,0,0,0,0,0,0,0,0
676,0.18,0.007775000000000001,0,0,True,False,False,True,False,1,0,0,0,0,0,0,0,0,0,0,0,0,0,0,0,0,0,0
677,0.24,0.00805,0,0,True,False,False,True,False,1,0,0,0,0,0,0,0,0,0,0,0,0,0,0,0,0,0,0
678,0.18,0.0098417,0,0,True,False,False,False,True,0,0,1,0,0,0,0,0,0,0,0,0,0,0,0,0,0,0,1
679,0.43,0.0469,1,6,True,False,False,False,True,0,1,0,0,0,0,0,0,0,0,0,0,0,0,0,0,0,0,0
680,0.36,0.5123292,0,1,False,True,False,True,False,1,0,0,0,0,0,0,0,0,0,0,0,0,0,0,0,0,0,1
681,0.25,0.008137499999999999,0,0,True,False,False,False,True,0,0,1,0,0,0,0,0,0,0,0,0,0,0,0,0,0,0,0
682,0.27,0.07672920000000001,0,0,False,True,False,True,False,1,0,0,0,0,0,0,0,0,0,0,0,0,0,0,0,0,0,1
683,0.2,0.009224999999999999,0,0,True,False,False,True,False,1,0,0,0,0,0,0,0,0,0,0,0,0,0,0,0,0,0,0
684,0.14,0.0469,5,2,True,False,False,True,False,1,0,0,0,0,0,0,0,0,0,0,0,0,0,0,0,0,0,0
685,0.6,0.039,1,1,False,False,True,True,False,1,0,0,0,0,0,0,0,0,0,0,0,0,0,0,0,0,0,0
686,0.25,0.0415792,1,2,False,False,True,True,False,1,0,0,0,0,0,0,0,0,0,0,0,0,0,0,0,0,0,0
687,0.14,0.0396875,4,1,True,False,False,True,False,1,0,0,0,0,0,0,0,0,0,0,0,0,0,0,0,0,0,0
688,0.19,0.0101708,0,0,True,False,False,True,False,1,0,0,0,0,0,0,0,0,0,0,0,0,0,0,0,0,0,0
689,0.18,0.007795799999999999,0,0,True,False,False,True,False,1,0,0,0,0,0,0,0,0,0,0,0,0,0,0,0,0,0,0
690,0.15,0.2113375,0,1,False,True,False,False,True,0,0,1,0,0,0,0,0,0,0,0,0,0,0,0,0,0,0,1
691,0.31,0.057,1,0,False,True,False,True,False,1,0,0,0,0,0,0,0,0,0,0,0,0,0,0,0,0,0,1
692,0.04,0.0134167,0,1,True,False,False,False,True,0,0,1,0,0,0,0,0,0,0,0,0,0,0,0,0,0,0,1
693,0.25,0.056495800000000006,0,0,True,False,False,True,False,1,0,0,0,0,0,0,0,0,0,0,0,0,0,0,0,0,0,1
694,0.25,0.007225,0,0,True,False,False,True,False,1,0,0,0,0,0,0,0,0,0,0,0,0,0,0,0,0,0,0
695,0.6,0.02655,0,0,False,True,False,True,False,0,0,0,0,0,0,0,0,0,0,0,0,0,1,0,0,0,0,0
696,0.52,0.0135,0,0,False,False,True,True,False,1,0,0,0,0,0,0,0,0,0,0,0,0,0,0,0,0,0,0
697,0.44,0.00805,0,0,True,False,False,True,False,1,0,0,0,0,0,0,0,0,0,0,0,0,0,0,0,0,0,0
698,0.25,0.0077333,0,0,True,False,False,False,True,0,0,1,0,0,0,0,0,0,0,0,0,0,0,0,0,0,0,1
699,0.49,0.1108833,1,1,False,True,False,True,False,1,0,0,0,0,0,0,0,0,0,0,0,0,0,0,0,0,0,0
700,0.42,0.0076500000000000005,0,0,True,False,False,True,False,1,0,0,0,0,0,0,0,0,0,0,0,0,0,0,0,0,0,0
701,0.18,0.227525,1,0,False,True,False,False,True,0,1,0,0,0,0,0,0,0,0,0,0,0,0,0,0,0,0,1
702,0.35,0.026287500000000002,0,0,False,True,False,True,False,1,0,0,0,0,0,0,0,0,0,0,0,0,0,0,0,0,0,1
703,0.18,0.0144542,0,1,True,False,False,False,True,0,0,1,0,0,0,0,0,0,0,0,0,0,0,0,0,0,0,0
704,0.25,0.0077417,0,0,True,False,False,True,False,1,0,0,0,0,0,0,0,0,0,0,0,0,0,0,0,0,0,0
705,0.26,0.0078542,1,0,True,False,False,True,False,1,0,0,0,0,0,0,0,0,0,0,0,0,0,0,0,0,0,0
706,0.39,0.026,0,0,False,False,True,True,False,1,0,0,0,0,0,0,0,0,0,0,0,0,0,0,0,0,0,0
707,0.45,0.0135,0,0,False,False,True,False,True,0,1,0,0,0,0,0,0,0,0,0,0,0,0,0,0,0,0,1
708,0.42,0.026287500000000002,0,0,False,True,False,True,False,1,0,0,0,0,0,0,0,0,0,0,0,0,0,0,0,0,0,1
709,0.22,0.15155000000000002,0,0,False,True,False,False,True,0,0,1,0,0,0,0,0,0,0,0,0,0,0,0,0,0,0,1
710,0.24,0.015245799999999999,1,1,True,False,False,True,False,0,0,0,1,0,0,0,0,0,0,0,0,0,0,0,0,0,0,1
711,0.24,0.0495042,0,0,False,True,False,False,True,0,0,0,0,0,0,0,0,0,0,0,0,1,0,0,0,0,0,1
712,0.38,0.02655,0,0,False,True,False,True,False,1,0,0,0,0,0,0,0,0,0,0,0,0,0,0,0,0,0,0
713,0.48,0.052,1,0,False,True,False,True,False,1,0,0,0,0,0,0,0,0,0,0,0,0,0,0,0,0,0,1
714,0.29,0.0094833,0,0,True,False,False,True,False,1,0,0,0,0,0,0,0,0,0,0,0,0,0,0,0,0,0,0
715,0.52,0.013,0,0,False,False,True,True,False,1,0,0,0,0,0,0,0,0,0,0,0,0,0,0,0,0,0,0
716,0.19,0.0076500000000000005,0,0,True,False,False,True,False,1,0,0,0,0,0,0,0,0,0,0,0,0,0,0,0,0,0,0
717,0.38,0.227525,0,0,False,True,False,False,True,0,0,1,0,0,0,0,0,0,0,0,0,0,0,0,0,0,0,1
718,0.27,0.0105,0,0,False,False,True,False,True,0,0,1,0,0,0,0,0,0,0,0,0,0,0,0,0,0,0,1
719,0.25,0.0155,0,0,True,False,False,True,False,1,0,0,0,0,0,0,0,0,0,0,0,0,0,0,0,0,0,0
720,0.33,0.007775000000000001,0,0,True,False,False,True,False,1,0,0,0,0,0,0,0,0,0,0,0,0,0,0,0,0,0,0
721,0.06,0.033,0,1,False,False,True,False,True,0,0,1,0,0,0,0,0,0,0,0,0,0,0,0,0,0,0,1
722,0.17,0.0070542,1,0,True,False,False,True,False,1,0,0,0,0,0,0,0,0,0,0,0,0,0,0,0,0,0,0
723,0.34,0.013,0,0,False,False,True,True,False,1,0,0,0,0,0,0,0,0,0,0,0,0,0,0,0,0,0,0
724,0.5,0.013,0,0,False,False,True,True,False,1,0,0,0,0,0,0,0,0,0,0,0,0,0,0,0,0,0,0
725,0.27,0.0531,1,0,False,True,False,True,False,1,0,0,0,0,0,0,0,0,0,0,0,0,0,0,0,0,0,1
726,0.2,0.0086625,0,0,True,False,False,True,False,1,0,0,0,0,0,0,0,0,0,0,0,0,0,0,0,0,0,0
727,0.3,0.021,3,0,False,False,True,False,True,0,1,0,0,0,0,0,0,0,0,0,0,0,0,0,0,0,0,1
728,0.25,0.0077375,0,0,True,False,False,False,True,0,0,1,0,0,0,0,0,0,0,0,0,0,0,0,0,0,0,1
729,0.25,0.026,1,0,False,False,True,True,False,1,0,0,0,0,0,0,0,0,0,0,0,0,0,0,0,0,0,0
730,0.25,0.007925,1,0,True,False,False,False,True,0,0,1,0,0,0,0,0,0,0,0,0,0,0,0,0,0,0,0
731,0.29,0.2113375,0,0,False,True,False,False,True,0,0,1,0,0,0,0,0,0,0,0,0,0,0,0,0,0,0,1
732,0.11,0.018787500000000002,0,0,True,False,False,True,False,1,0,0,0,0,0,0,0,0,0,0,0,0,0,0,0,0,0,0
733,0.29,0.0,0,0,False,False,True,True,False,1,0,0,0,0,0,0,0,0,0,0,0,0,0,0,0,0,0,0
734,0.23,0.013,0,0,False,False,True,True,False,1,0,0,0,0,0,0,0,0,0,0,0,0,0,0,0,0,0,0
735,0.23,0.013,0,0,False,False,True,True,False,1,0,0,0,0,0,0,0,0,0,0,0,0,0,0,0,0,0,0
736,0.28,0.0161,0,0,True,False,False,True,False,1,0,0,0,0,0,0,0,0,0,0,0,0,0,0,0,0,0,0
737,0.48,0.034375,1,3,True,False,False,False,True,0,1,0,0,0,0,0,0,0,0,0,0,0,0,0,0,0,0,0
738,0.35,0.5123292,0,0,False,True,False,True,False,1,0,0,0,0,0,0,0,0,0,0,0,0,0,0,0,0,0,1
739,0.25,0.0078958,0,0,True,False,False,True,False,1,0,0,0,0,0,0,0,0,0,0,0,0,0,0,0,0,0,0
740,0.25,0.0078958,0,0,True,False,False,True,False,1,0,0,0,0,0,0,0,0,0,0,0,0,0,0,0,0,0,0
741,0.38,0.03,0,0,False,True,False,True,False,1,0,0,0,0,0,0,0,0,0,0,0,0,0,0,0,0,0,1
742,0.36,0.07884999999999999,1,0,False,True,False,True,False,1,0,0,0,0,0,0,0,0,0,0,0,0,0,0,0,0,0,0
743,0.21,0.262375,2,2,False,True,False,False,True,0,0,1,0,0,0,0,0,0,0,0,0,0,0,0,0,0,0,1
744,0.24,0.0161,1,0,True,False,False,True,False,1,0,0,0,0,0,0,0,0,0,0,0,0,0,0,0,0,0,0
745,0.31,0.007925,0,0,True,False,False,True,False,1,0,0,0,0,0,0,0,0,0,0,0,0,0,0,0,0,0,1
746,0.7,0.071,1,1,False,True,False,True,False,0,0,0,0,0,0,0,0,0,0,0,0,0,0,1,0,0,0,0
747,0.16,0.02025,1,1,True,False,False,True,False,1,0,0,0,0,0,0,0,0,0,0,0,0,0,0,0,0,0,0
748,0.3,0.013,0,0,False,False,True,False,True,0,0,1,0,0,0,0,0,0,0,0,0,0,0,0,0,0,0,1
749,0.19,0.0531,1,0,False,True,False,True,False,1,0,0,0,0,0,0,0,0,0,0,0,0,0,0,0,0,0,0
750,0.31,0.00775,0,0,True,False,False,True,False,1,0,0,0,0,0,0,0,0,0,0,0,0,0,0,0,0,0,0
751,0.04,0.023,1,1,False,False,True,False,True,0,0,1,0,0,0,0,0,0,0,0,0,0,0,0,0,0,0,1
752,0.06,0.012475,0,1,True,False,False,True,False,0,0,0,1,0,0,0,0,0,0,0,0,0,0,0,0,0,0,1
753,0.33,0.0095,0,0,True,False,False,True,False,1,0,0,0,0,0,0,0,0,0,0,0,0,0,0,0,0,0,0
754,0.23,0.0078958,0,0,True,False,False,True,False,1,0,0,0,0,0,0,0,0,0,0,0,0,0,0,0,0,0,0
755,0.48,0.065,1,2,False,False,True,False,True,0,1,0,0,0,0,0,0,0,0,0,0,0,0,0,0,0,0,1
756,0.0,0.0145,1,1,False,False,True,True,False,0,0,0,1,0,0,0,0,0,0,0,0,0,0,0,0,0,0,1
757,0.28,0.007795799999999999,0,0,True,False,False,True,False,1,0,0,0,0,0,0,0,0,0,0,0,0,0,0,0,0,0,0
758,0.18,0.0115,0,0,False,False,True,True,False,1,0,0,0,0,0,0,0,0,0,0,0,0,0,0,0,0,0,0
759,0.34,0.00805,0,0,True,False,False,True,False,1,0,0,0,0,0,0,0,0,0,0,0,0,0,0,0,0,0,0
760,0.33,0.0865,0,0,False,True,False,False,True,0,0,0,0,0,0,0,0,0,0,0,0,0,0,0,1,0,0,1
761,0.25,0.0145,0,0,True,False,False,True,False,1,0,0,0,0,0,0,0,0,0,0,0,0,0,0,0,0,0,0
762,0.41,0.007125,0,0,True,False,False,True,False,1,0,0,0,0,0,0,0,0,0,0,0,0,0,0,0,0,0,0
763,0.2,0.0072292,0,0,True,False,False,True,False,1,0,0,0,0,0,0,0,0,0,0,0,0,0,0,0,0,0,1
764,0.36,0.12,1,2,False,True,False,False,True,0,1,0,0,0,0,0,0,0,0,0,0,0,0,0,0,0,0,1
765,0.16,0.007775000000000001,0,0,True,False,False,True,False,1,0,0,0,0,0,0,0,0,0,0,0,0,0,0,0,0,0,0
766,0.51,0.0779583,1,0,False,True,False,False,True,0,1,0,0,0,0,0,0,0,0,0,0,0,0,0,0,0,0,1
767,0.38,0.0396,0,0,False,True,False,True,False,0,0,0,0,0,0,1,0,0,0,0,0,0,0,0,0,0,0,0
768,0.3,0.00775,0,0,True,False,False,False,True,0,0,1,0,0,0,0,0,0,0,0,0,0,0,0,0,0,0,0
769,0.24,0.024149999999999998,1,0,True,False,False,True,False,1,0,0,0,0,0,0,0,0,0,0,0,0,0,0,0,0,0,0
770,0.32,0.0083625,0,0,True,False,False,True,False,1,0,0,0,0,0,0,0,0,0,0,0,0,0,0,0,0,0,0
771,0.24,0.0095,0,0,True,False,False,True,False,1,0,0,0,0,0,0,0,0,0,0,0,0,0,0,0,0,0,0
772,0.48,0.0078542,0,0,True,False,False,True,False,1,0,0,0,0,0,0,0,0,0,0,0,0,0,0,0,0,0,0
773,0.57,0.0105,0,0,False,False,True,False,True,0,1,0,0,0,0,0,0,0,0,0,0,0,0,0,0,0,0,0
774,0.25,0.007225,0,0,True,False,False,True,False,1,0,0,0,0,0,0,0,0,0,0,0,0,0,0,0,0,0,0
775,0.54,0.023,1,3,False,False,True,False,True,0,1,0,0,0,0,0,0,0,0,0,0,0,0,0,0,0,0,1
776,0.18,0.00775,0,0,True,False,False,True,False,1,0,0,0,0,0,0,0,0,0,0,0,0,0,0,0,0,0,0
777,0.25,0.00775,0,0,True,False,False,True,False,1,0,0,0,0,0,0,0,0,0,0,0,0,0,0,0,0,0,0
778,0.05,0.012475,0,0,True,False,False,False,True,0,0,1,0,0,0,0,0,0,0,0,0,0,0,0,0,0,0,1
779,0.25,0.0077375,0,0,True,False,False,True,False,1,0,0,0,0,0,0,0,0,0,0,0,0,0,0,0,0,0,0
780,0.43,0.2113375,0,1,False,True,False,False,True,0,1,0,0,0,0,0,0,0,0,0,0,0,0,0,0,0,0,1
781,0.13,0.0072292,0,0,True,False,False,False,True,0,0,1,0,0,0,0,0,0,0,0,0,0,0,0,0,0,0,1
782,0.17,0.057,1,0,False,True,False,False,True,0,1,0,0,0,0,0,0,0,0,0,0,0,0,0,0,0,0,1
783,0.29,0.03,0,0,False,True,False,True,False,1,0,0,0,0,0,0,0,0,0,0,0,0,0,0,0,0,0,0
784,0.24,0.02345,1,2,True,False,False,True,False,1,0,0,0,0,0,0,0,0,0,0,0,0,0,0,0,0,0,0
785,0.25,0.00705,0,0,True,False,False,True,False,1,0,0,0,0,0,0,0,0,0,0,0,0,0,0,0,0,0,0
786,0.25,0.00725,0,0,True,False,False,True,False,1,0,0,0,0,0,0,0,0,0,0,0,0,0,0,0,0,0,0
787,0.18,0.0074958,0,0,True,False,False,False,True,0,0,1,0,0,0,0,0,0,0,0,0,0,0,0,0,0,0,1
788,0.08,0.029125,4,1,True,False,False,True,False,0,0,0,1,0,0,0,0,0,0,0,0,0,0,0,0,0,0,0
789,0.01,0.020575,1,2,True,False,False,True,False,0,0,0,1,0,0,0,0,0,0,0,0,0,0,0,0,0,0,1
790,0.46,0.0792,0,0,False,True,False,True,False,1,0,0,0,0,0,0,0,0,0,0,0,0,0,0,0,0,0,0
791,0.25,0.00775,0,0,True,False,False,True,False,1,0,0,0,0,0,0,0,0,0,0,0,0,0,0,0,0,0,0
792,0.16,0.026,0,0,False,False,True,True,False,1,0,0,0,0,0,0,0,0,0,0,0,0,0,0,0,0,0,0
793,0.14,0.06955,8,2,True,False,False,False,True,0,0,1,0,0,0,0,0,0,0,0,0,0,0,0,0,0,0,0
794,0.38,0.0306958,0,0,False,True,False,True,False,1,0,0,0,0,0,0,0,0,0,0,0,0,0,0,0,0,0,0
795,0.25,0.0078958,0,0,True,False,False,True,False,1,0,0,0,0,0,0,0,0,0,0,0,0,0,0,0,0,0,0
796,0.39,0.013,0,0,False,False,True,True,False,1,0,0,0,0,0,0,0,0,0,0,0,0,0,0,0,0,0,0
797,0.49,0.025929200000000003,0,0,False,True,False,False,True,0,0,0,0,0,0,1,0,0,0,0,0,0,0,0,0,0,0,1
798,0.31,0.0086833,0,0,True,False,False,False,True,0,1,0,0,0,0,0,0,0,0,0,0,0,0,0,0,0,0,1
799,0.3,0.0072292,0,0,True,False,False,True,False,1,0,0,0,0,0,0,0,0,0,0,0,0,0,0,0,0,0,0
800,0.3,0.024149999999999998,1,1,True,False,False,False,True,0,1,0,0,0,0,0,0,0,0,0,0,0,0,0,0,0,0,0
801,0.34,0.013,0,0,False,False,True,True,False,1,0,0,0,0,0,0,0,0,0,0,0,0,0,0,0,0,0,0
802,0.31,0.02625,1,1,False,False,True,False,True,0,1,0,0,0,0,0,0,0,0,0,0,0,0,0,0,0,0,1
803,0.11,0.12,1,2,False,True,False,True,False,0,0,0,1,0,0,0,0,0,0,0,0,0,0,0,0,0,0,1
804,0.0,0.0085167,0,1,True,False,False,True,False,0,0,0,1,0,0,0,0,0,0,0,0,0,0,0,0,0,0,1
805,0.27,0.006974999999999999,0,0,True,False,False,True,False,1,0,0,0,0,0,0,0,0,0,0,0,0,0,0,0,0,0,1
806,0.31,0.007775000000000001,0,0,True,False,False,True,False,1,0,0,0,0,0,0,0,0,0,0,0,0,0,0,0,0,0,0
807,0.39,0.0,0,0,False,True,False,True,False,1,0,0,0,0,0,0,0,0,0,0,0,0,0,0,0,0,0,0
808,0.18,0.007775000000000001,0,0,True,False,False,False,True,0,0,1,0,0,0,0,0,0,0,0,0,0,0,0,0,0,0,0
809,0.39,0.013,0,0,False,False,True,True,False,1,0,0,0,0,0,0,0,0,0,0,0,0,0,0,0,0,0,0
810,0.33,0.0531,1,0,False,True,False,False,True,0,1,0,0,0,0,0,0,0,0,0,0,0,0,0,0,0,0,1
811,0.26,0.0078875,0,0,True,False,False,True,False,1,0,0,0,0,0,0,0,0,0,0,0,0,0,0,0,0,0,0
812,0.39,0.024149999999999998,0,0,True,False,False,True,False,1,0,0,0,0,0,0,0,0,0,0,0,0,0,0,0,0,0,0
813,0.35,0.0105,0,0,False,False,True,True,False,1,0,0,0,0,0,0,0,0,0,0,0,0,0,0,0,0,0,0
814,0.06,0.031275,4,2,True,False,False,False,True,0,0,1,0,0,0,0,0,0,0,0,0,0,0,0,0,0,0,0
815,0.3,0.00805,0,0,True,False,False,True,False,1,0,0,0,0,0,0,0,0,0,0,0,0,0,0,0,0,0,0
816,0.38,0.0,0,0,False,True,False,True,False,1,0,0,0,0,0,0,0,0,0,0,0,0,0,0,0,0,0,0
817,0.23,0.007925,0,0,True,False,False,False,True,0,0,1,0,0,0,0,0,0,0,0,0,0,0,0,0,0,0,0
818,0.31,0.037004199999999994,1,1,False,False,True,True,False,1,0,0,0,0,0,0,0,0,0,0,0,0,0,0,0,0,0,0
819,0.43,0.00645,0,0,True,False,False,True,False,1,0,0,0,0,0,0,0,0,0,0,0,0,0,0,0,0,0,0
820,0.1,0.027899999999999998,3,2,True,False,False,True,False,0,0,0,1,0,0,0,0,0,0,0,0,0,0,0,0,0,0,0
821,0.52,0.0935,1,1,False,True,False,False,True,0,1,0,0,0,0,0,0,0,0,0,0,0,0,0,0,0,0,1
822,0.27,0.0086625,0,0,True,False,False,True,False,1,0,0,0,0,0,0,0,0,0,0,0,0,0,0,0,0,0,1
823,0.38,0.0,0,0,False,True,False,True,False,0,0,0,0,0,0,0,0,0,0,0,0,0,0,0,0,1,0,0
824,0.27,0.012475,0,1,True,False,False,False,True,0,1,0,0,0,0,0,0,0,0,0,0,0,0,0,0,0,0,1
825,0.02,0.0396875,4,1,True,False,False,True,False,0,0,0,1,0,0,0,0,0,0,0,0,0,0,0,0,0,0,0
826,0.25,0.0069500000000000004,0,0,True,False,False,True,False,1,0,0,0,0,0,0,0,0,0,0,0,0,0,0,0,0,0,0
827,0.25,0.056495800000000006,0,0,True,False,False,True,False,1,0,0,0,0,0,0,0,0,0,0,0,0,0,0,0,0,0,0
828,0.01,0.037004199999999994,0,2,False,False,True,True,False,0,0,0,1,0,0,0,0,0,0,0,0,0,0,0,0,0,0,1
829,0.25,0.00775,0,0,True,False,False,True,False,1,0,0,0,0,0,0,0,0,0,0,0,0,0,0,0,0,0,1
830,0.62,0.08,0,0,False,True,False,False,True,0,1,0,0,0,0,0,0,0,0,0,0,0,0,0,0,0,0,1
831,0.15,0.0144542,1,0,True,False,False,False,True,0,1,0,0,0,0,0,0,0,0,0,0,0,0,0,0,0,0,1
832,0.0,0.01875,1,1,False,False,True,True,False,0,0,0,1,0,0,0,0,0,0,0,0,0,0,0,0,0,0,1
833,0.25,0.0072292,0,0,True,False,False,True,False,1,0,0,0,0,0,0,0,0,0,0,0,0,0,0,0,0,0,0
834,0.23,0.0078542,0,0,True,False,False,True,False,1,0,0,0,0,0,0,0,0,0,0,0,0,0,0,0,0,0,0
835,0.18,0.0083,0,0,True,False,False,True,False,1,0,0,0,0,0,0,0,0,0,0,0,0,0,0,0,0,0,0
836,0.39,0.08315829999999999,1,1,False,True,False,False,True,0,0,1,0,0,0,0,0,0,0,0,0,0,0,0,0,0,0,1
837,0.21,0.0086625,0,0,True,False,False,True,False,1,0,0,0,0,0,0,0,0,0,0,0,0,0,0,0,0,0,0
838,0.25,0.00805,0,0,True,False,False,True,False,1,0,0,0,0,0,0,0,0,0,0,0,0,0,0,0,0,0,0
839,0.32,0.056495800000000006,0,0,True,False,False,True,False,1,0,0,0,0,0,0,0,0,0,0,0,0,0,0,0,0,0,1
840,0.38,0.0297,0,0,False,True,False,True,False,1,0,0,0,0,0,0,0,0,0,0,0,0,0,0,0,0,0,1
841,0.2,0.007925,0,0,True,False,False,True,False,1,0,0,0,0,0,0,0,0,0,0,0,0,0,0,0,0,0,0
842,0.16,0.0105,0,0,False,False,True,True,False,1,0,0,0,0,0,0,0,0,0,0,0,0,0,0,0,0,0,0
843,0.3,0.031,0,0,False,True,False,False,True,0,0,1,0,0,0,0,0,0,0,0,0,0,0,0,0,0,0,1
844,0.34,0.0064375,0,0,True,False,False,True,False,1,0,0,0,0,0,0,0,0,0,0,0,0,0,0,0,0,0,0
845,0.17,0.0086625,0,0,True,False,False,True,False,1,0,0,0,0,0,0,0,0,0,0,0,0,0,0,0,0,0,0
846,0.42,0.007549999999999999,0,0,True,False,False,True,False,1,0,0,0,0,0,0,0,0,0,0,0,0,0,0,0,0,0,0
847,0.14,0.06955,8,2,True,False,False,True,False,1,0,0,0,0,0,0,0,0,0,0,0,0,0,0,0,0,0,0
848,0.35,0.0078958,0,0,True,False,False,True,False,1,0,0,0,0,0,0,0,0,0,0,0,0,0,0,0,0,0,0
849,0.28,0.033,0,1,False,False,True,True,False,0,0,0,0,0,1,0,0,0,0,0,0,0,0,0,0,0,0,0
850,0.39,0.08910420000000001,1,0,False,True,False,False,True,0,1,0,0,0,0,0,0,0,0,0,0,0,0,0,0,0,0,1
851,0.04,0.031275,4,2,True,False,False,True,False,0,0,0,1,0,0,0,0,0,0,0,0,0,0,0,0,0,0,0
852,0.74,0.007775000000000001,0,0,True,False,False,True,False,1,0,0,0,0,0,0,0,0,0,0,0,0,0,0,0,0,0,0
853,0.09,0.015245799999999999,1,1,True,False,False,False,True,0,0,1,0,0,0,0,0,0,0,0,0,0,0,0,0,0,0,0
854,0.16,0.0394,0,1,False,True,False,False,True,0,0,1,0,0,0,0,0,0,0,0,0,0,0,0,0,0,0,1
855,0.44,0.026,1,0,False,False,True,False,True,0,1,0,0,0,0,0,0,0,0,0,0,0,0,0,0,0,0,0
856,0.18,0.009349999999999999,0,1,True,False,False,False,True,0,1,0,0,0,0,0,0,0,0,0,0,0,0,0,0,0,0,1
857,0.45,0.1648667,1,1,False,True,False,False,True,0,1,0,0,0,0,0,0,0,0,0,0,0,0,0,0,0,0,1
858,0.51,0.02655,0,0,False,True,False,True,False,1,0,0,0,0,0,0,0,0,0,0,0,0,0,0,0,0,0,1
859,0.24,0.0192583,0,3,True,False,False,False,True,0,1,0,0,0,0,0,0,0,0,0,0,0,0,0,0,0,0,1
860,0.25,0.0072292,0,0,True,False,False,True,False,1,0,0,0,0,0,0,0,0,0,0,0,0,0,0,0,0,0,0
861,0.41,0.0141083,2,0,True,False,False,True,False,1,0,0,0,0,0,0,0,0,0,0,0,0,0,0,0,0,0,0
862,0.21,0.0115,1,0,False,False,True,True,False,1,0,0,0,0,0,0,0,0,0,0,0,0,0,0,0,0,0,0
863,0.48,0.025929200000000003,0,0,False,True,False,False,True,0,1,0,0,0,0,0,0,0,0,0,0,0,0,0,0,0,0,1
864,0.14,0.06955,8,2,True,False,False,False,True,0,0,1,0,0,0,0,0,0,0,0,0,0,0,0,0,0,0,0
865,0.24,0.013,0,0,False,False,True,True,False,1,0,0,0,0,0,0,0,0,0,0,0,0,0,0,0,0,0,0
866,0.42,0.013,0,0,False,False,True,False,True,0,1,0,0,0,0,0,0,0,0,0,0,0,0,0,0,0,0,1
867,0.27,0.0138583,1,0,False,False,True,False,True,0,0,1,0,0,0,0,0,0,0,0,0,0,0,0,0,0,0,1
868,0.31,0.0504958,0,0,False,True,False,True,False,1,0,0,0,0,0,0,0,0,0,0,0,0,0,0,0,0,0,0
869,0.25,0.0095,0,0,True,False,False,True,False,1,0,0,0,0,0,0,0,0,0,0,0,0,0,0,0,0,0,0
870,0.04,0.0111333,1,1,True,False,False,True,False,0,0,0,1,0,0,0,0,0,0,0,0,0,0,0,0,0,0,1
871,0.26,0.0078958,0,0,True,False,False,True,False,1,0,0,0,0,0,0,0,0,0,0,0,0,0,0,0,0,0,0
872,0.47,0.0525542,1,1,False,True,False,False,True,0,1,0,0,0,0,0,0,0,0,0,0,0,0,0,0,0,0,1
873,0.33,0.005,0,0,False,True,False,True,False,1,0,0,0,0,0,0,0,0,0,0,0,0,0,0,0,0,0,0
874,0.47,0.009,0,0,True,False,False,True,False,1,0,0,0,0,0,0,0,0,0,0,0,0,0,0,0,0,0,0
875,0.28,0.024,1,0,False,False,True,False,True,0,1,0,0,0,0,0,0,0,0,0,0,0,0,0,0,0,0,1
876,0.15,0.007225,0,0,True,False,False,False,True,0,0,1,0,0,0,0,0,0,0,0,0,0,0,0,0,0,0,1
877,0.2,0.0098458,0,0,True,False,False,True,False,1,0,0,0,0,0,0,0,0,0,0,0,0,0,0,0,0,0,0
878,0.19,0.0078958,0,0,True,False,False,True,False,1,0,0,0,0,0,0,0,0,0,0,0,0,0,0,0,0,0,0
879,0.25,0.0078958,0,0,True,False,False,True,False,1,0,0,0,0,0,0,0,0,0,0,0,0,0,0,0,0,0,0
880,0.56,0.08315829999999999,0,1,False,True,False,False,True,0,1,0,0,0,0,0,0,0,0,0,0,0,0,0,0,0,0,1
881,0.25,0.026,0,1,False,False,True,False,True,0,1,0,0,0,0,0,0,0,0,0,0,0,0,0,0,0,0,1
882,0.33,0.0078958,0,0,True,False,False,True,False,1,0,0,0,0,0,0,0,0,0,0,0,0,0,0,0,0,0,0
883,0.22,0.0105167,0,0,True,False,False,False,True,0,0,1,0,0,0,0,0,0,0,0,0,0,0,0,0,0,0,0
884,0.28,0.0105,0,0,False,False,True,True,False,1,0,0,0,0,0,0,0,0,0,0,0,0,0,0,0,0,0,0
885,0.25,0.00705,0,0,True,False,False,True,False,1,0,0,0,0,0,0,0,0,0,0,0,0,0,0,0,0,0,0
886,0.39,0.029125,0,5,True,False,False,False,True,0,1,0,0,0,0,0,0,0,0,0,0,0,0,0,0,0,0,0
887,0.27,0.013,0,0,False,False,True,True,False,0,0,0,0,0,1,0,0,0,0,0,0,0,0,0,0,0,0,0
888,0.19,0.03,0,0,False,True,False,False,True,0,0,1,0,0,0,0,0,0,0,0,0,0,0,0,0,0,0,1
889,0.24,0.02345,1,2,True,False,False,False,True,0,0,1,0,0,0,0,0,0,0,0,0,0,0,0,0,0,0,0
890,0.26,0.03,0,0,False,True,False,True,False,1,0,0,0,0,0,0,0,0,0,0,0,0,0,0,0,0,0,1
891,0.32,0.00775,0,0,True,False,False,True,False,1,0,0,0,0,0,0,0,0,0,0,0,0,0,0,0,0,0,0
